sample_id,aromatic,hydrocarbon,carboxylic_acid,nitrogen_bearing_compound,chlorine_bearing_compound,sulfur_bearing_compound,alcohol,other_oxygen_bearing_compound,mineral
S0809,0.043557726,0.025417993,0.03619816,0.025783664,0.010075012,0.019714039,0.014127068,0.00992797,0.93958014
S0810,0.006345953,0.007906185,0.0058838436,0.0042611156,0.0027674895,0.0024439045,0.0017898384,0.0021596872,0.98976994
S0811,0.0140715465,0.009698575,0.07434454,0.015527357,0.011115916,0.0097903805,0.009243521,0.0026418061,0.9343503
S0812,0.05594656,0.014401046,0.018171491,0.007959694,0.009137447,0.0071241297,0.0037296184,0.004748063,0.9781545
S0813,0.011724507,0.012086231,0.0068482645,0.0029220907,0.0016411198,0.0020753269,0.0011169615,0.0018831141,0.9677005
S0814,0.009242715,0.018401736,0.009026131,0.008080715,0.0032353601,0.002463498,0.0023054073,0.0028770608,0.98571265
S0815,0.0020934553,0.0025592311,0.004871709,0.0034544666,0.0011362055,0.001265403,0.0013865847,0.0011229077,0.0025987127
S0816,0.005985317,0.08858673,0.039038904,0.009225251,0.0016127508,0.0030898582,0.0027012853,0.0025909042,0.004536914
S0817,0.023793448,0.004170629,0.012594344,0.006006158,0.004621934,0.0035390775,0.0036686703,0.007739567,0.011301585
S0818,0.0079582,0.006593825,0.011249637,0.008575022,0.0031175616,0.002685197,0.0023512915,0.001922915,0.005031506
S0819,0.0090678865,0.005616053,0.008849595,0.009795524,0.0053021978,0.0071400465,0.005063461,0.0067591197,0.012000873
S0820,0.007985621,0.015671358,0.009123726,0.005179164,0.0030475247,0.0036203284,0.0018876335,0.002766893,0.9884218
S0821,0.0077053173,0.007801831,0.0058823526,0.004745982,0.0011717429,0.0017492434,0.0027338355,0.0015073258,0.056225784
S0822,0.060300708,0.013191016,0.13265519,0.10384258,0.011667516,0.056189995,0.052310504,0.005328654,0.8357279
S0823,0.029258573,0.012710109,0.88065207,0.96693385,0.009245352,0.012129686,0.008650056,0.012838784,0.01591313
S0824,0.009765362,0.067091905,0.010016122,0.0035724703,0.0034955994,0.0040854877,0.0017508427,0.0023270885,0.9908266
S0825,0.016457327,0.02583685,0.016399393,0.018754987,0.0055894568,0.00654348,0.005259156,0.0021784846,0.8124987
S0826,0.012538113,0.008785037,0.85918254,0.8629368,0.005344063,0.0041185445,0.004049547,0.0039033398,0.0080965925
S0827,0.018293936,0.023904214,0.10657109,0.87847745,0.016177999,0.009919036,0.013571461,0.006427395,0.0071640564
S0828,0.020858794,0.0045875306,0.013602069,0.009751475,0.003085495,0.0027925624,0.002892549,0.0030799396,0.011428321
S0829,0.021090794,0.00971335,0.8733673,0.039082088,0.0046950676,0.013892768,0.008366328,0.0043026307,0.010462269
S0830,0.00894389,0.010616132,0.019627368,0.0091371145,0.008400894,0.0025454096,0.003567575,0.0021137113,0.07429609
S0831,0.015160481,0.99146146,0.01033855,0.007677079,0.0025597266,0.005860473,0.0032330814,0.0032684412,0.0058028903
S0832,0.022049198,0.014079506,0.06596385,0.059061028,0.009192342,0.032686155,0.025421511,0.009589407,0.01668824
S0833,0.02539123,0.93947047,0.013957007,0.012687229,0.0057296497,0.0041126683,0.0022869783,0.0022362813,0.0142934155
S0834,0.004409923,0.007458595,0.052004606,0.047689505,0.003213172,0.0034408502,0.00285565,0.0023476116,0.007675878
S0835,0.0133049665,0.013840446,0.95828545,0.95229304,0.0058498634,0.015549186,0.013467562,0.0042924588,0.07292209
S0836,0.069070056,0.007996634,0.05319652,0.014905614,0.005494999,0.011570339,0.006110519,0.0070104115,0.8796668
S0837,0.008043292,0.01820624,0.008639319,0.0053359205,0.0043099634,0.007850425,0.004356427,0.004465341,0.013067698
S0838,0.7785269,0.93572253,0.038219325,0.04117852,0.008797095,0.019013844,0.010350546,0.0062531545,0.016063366
S0839,0.005052273,0.005843873,0.00867118,0.0075723836,0.005744666,0.0032883212,0.0033803203,0.0035119727,0.0054541947
S0840,0.004013322,0.0042798626,0.0041152937,0.00337775,0.002105486,0.0028220708,0.002636724,0.0018369412,0.018009908
S0841,0.006109822,0.021374233,0.038469784,0.055417746,0.0030642687,0.00631634,0.011465018,0.0064986707,0.012325128
S0842,0.042690102,0.017962473,0.17654738,0.028776035,0.008015076,0.027209163,0.017446317,0.0071475417,0.83120406
S0843,0.0029962691,0.0022142292,0.0045156283,0.0031918897,0.0013123562,0.0017518584,0.0017420653,0.0015307667,0.005572226
S0844,0.032247502,0.009506332,0.065545596,0.04814031,0.00474806,0.0080596525,0.0064133583,0.008150515,0.008541213
S0845,0.01613257,0.044845533,0.01831132,0.008120411,0.0020912366,0.0026676815,0.002906511,0.0037418124,0.003367886
S0846,0.023516696,0.032521002,0.053310998,0.05262634,0.013850455,0.035989624,0.8833095,0.019324398,0.016459
S0847,0.0039713243,0.0042859595,0.005775262,0.0042110654,0.0019631532,0.0027918187,0.002516283,0.0020007114,0.0034390383
S0848,0.0130708935,0.011746591,0.01847494,0.015586885,0.00456902,0.0071847416,0.0022169421,0.0032501176,0.002539773
S0849,0.028161082,0.013715627,0.11850934,0.8596447,0.0055146846,0.006012918,0.0073763453,0.006589291,0.011164847
S0850,0.021040335,0.013244418,0.87185127,0.8816067,0.0073324414,0.0130806295,0.010982643,0.008062883,0.038193677
S0851,0.010429483,0.0034578056,0.004015084,0.0044141924,0.0014175053,0.0018778553,0.0030382252,0.0013701319,0.0015633197
S0852,0.013795741,0.013877015,0.014342832,0.013853898,0.006539614,0.004905085,0.0051026777,0.004104079,0.010480554
S0853,0.18954098,0.016730066,0.92881143,0.94422257,0.0075676106,0.020662779,0.017629204,0.006569286,0.021156054
S0854,0.011582641,0.00552039,0.041226063,0.0062294393,0.0023872785,0.004605492,0.002106766,0.0037705686,0.9454654
S0855,0.014631525,0.004865563,0.02066331,0.003456158,0.0015317269,0.001572578,0.0013731701,0.0010055795,0.91161144
S0856,0.020099536,0.015713144,0.022970725,0.014601092,0.0098752575,0.00982988,0.008005537,0.008399749,0.937466
S0857,0.018332794,0.038168825,0.01778208,0.014344139,0.0030842845,0.0048246062,0.005471592,0.0048421696,0.0068494407
S0858,0.011529277,0.0022854316,0.009736455,0.0153881805,0.0024672938,0.002583657,0.0013438758,0.0012256752,0.0061540245
S0859,0.00660286,0.07043649,0.008944721,0.004955207,0.002383617,0.003004567,0.0017204552,0.001874748,0.98110116
S0860,0.006773276,0.008063944,0.009266996,0.009985242,0.0019275589,0.002194867,0.0024498545,0.0027245625,0.011625407
S0861,0.06270008,0.06897648,0.15455948,0.7126509,0.6437174,0.039042763,0.11335832,0.68236774,0.016302286
S0862,0.015807535,0.00698975,0.8757678,0.035793032,0.0043130615,0.024520954,0.024159107,0.0054331324,0.043801773
S0863,0.030728012,0.028696347,0.02307614,0.0220576,0.008092245,0.011021114,0.008531428,0.0037668825,0.97329867
S0864,0.008154446,0.008353369,0.9352623,0.8774912,0.0061906776,0.0052561904,0.00574929,0.004503302,0.022201667
S0865,0.0054940428,0.0107643735,0.00912788,0.0072390265,0.002111199,0.0023232582,0.0022801238,0.0036794066,0.0046139364
S0866,0.00578246,0.0048042466,0.0100084515,0.0057733543,0.0032080386,0.0031256303,0.002588387,0.001916532,0.005303781
S0867,0.009756863,0.00574852,0.8538645,0.21868965,0.00641046,0.0030922939,0.0032866106,0.003720258,0.008780685
S0868,0.005654596,0.004804558,0.0127961235,0.0065338775,0.0013515379,0.0018015995,0.00198214,0.0024450202,0.00688246
S0869,0.014130923,0.0095552085,0.009162859,0.0068627754,0.003540786,0.0036859817,0.0040104953,0.010518154,0.010924375
S0870,0.003524725,0.003022661,0.0054775435,0.0059290854,0.0021489323,0.0016223829,0.001651808,0.0014878797,0.0021996903
S0871,0.0051019387,0.003850893,0.012597161,0.005496715,0.0026930415,0.0035425841,0.0024780766,0.0023799026,0.0035167157
S0872,0.0053303554,0.981956,0.00352351,0.004869373,0.0022612235,0.002023083,0.0023251227,0.0022633355,0.0020971582
S0873,0.017296802,0.029422397,0.018166726,0.004413494,0.0019893518,0.0029946368,0.002001668,0.0026520118,0.983709
S0874,0.012925958,0.9917232,0.01031279,0.0075225495,0.0025213165,0.006257339,0.0034815718,0.003728555,0.006195833
S0875,0.8032606,0.027387131,0.82474005,0.84102213,0.012915435,0.051322617,0.039364498,0.0145272985,0.028952207
S0876,0.0053093056,0.0037427782,0.006971224,0.004535415,0.002325982,0.002602129,0.002687424,0.002440084,0.006669472
S0877,0.017627794,0.9405392,0.0114822,0.0078114746,0.004627976,0.004096363,0.0021790513,0.0033123363,0.93977773
S0878,0.006452189,0.015601802,0.047514405,0.018791355,0.0085569,0.0077115097,0.007491231,0.0077464296,0.9315756
S0879,0.02751777,0.011699366,0.961532,0.039419647,0.005102775,0.014776881,0.0124193635,0.00655721,0.032177836
S0880,0.017930826,0.007105709,0.013710074,0.0088408245,0.003726981,0.0033715777,0.0021653357,0.0038032003,0.00771333
S0881,0.765211,0.018333012,0.86185515,0.8305809,0.01005323,0.026939457,0.019721529,0.0062217894,0.030187324
S0882,0.008378146,0.10066869,0.0077886186,0.0065765465,0.0060545546,0.002805947,0.0038990793,0.001448727,0.009113687
S0883,0.033695675,0.041832805,0.032868765,0.024997031,0.010867771,0.02788502,0.89586484,0.018988695,0.008489597
S0884,0.011989129,0.015275364,0.017156033,0.016877716,0.0022484972,0.0021870132,0.0019453475,0.0031602539,0.0052230144
S0885,0.0076275384,0.0023860575,0.00823994,0.004405807,0.0039472096,0.0023521325,0.0018023418,0.0025558271,0.019924976
S0886,0.008335546,0.010899836,0.004643902,0.003610924,0.003923519,0.0038283574,0.0017931123,0.0017836358,0.97636807
S0887,0.050813504,0.85905933,0.013164045,0.013069086,0.005413656,0.0044309194,0.0027887546,0.0046585025,0.0066670133
S0888,0.8839983,0.03804362,0.0560861,0.05368458,0.011237143,0.017347133,0.0072601377,0.0052572237,0.021234311
S0889,0.032982554,0.01790311,0.81201315,0.030041844,0.006288352,0.010030292,0.011441506,0.005263982,0.8703346
S0890,0.009588135,0.01473437,0.038928784,0.032388236,0.003915001,0.009235026,0.004957584,0.0107405335,0.016056292
S0891,0.022856364,0.009892527,0.9709679,0.9785326,0.005317946,0.011241597,0.010101289,0.004305098,0.016590444
S0892,0.0032318477,0.0031937573,0.0047412845,0.0036282416,0.0013322819,0.0012321002,0.0012506121,0.0020883232,0.00741106
S0893,0.030988926,0.007816786,0.0377407,0.008049721,0.0029378147,0.004797155,0.0027422628,0.004586962,0.87246096
S0894,0.004630585,0.0021992126,0.0067693396,0.004318899,0.0013826757,0.0011511205,0.0009602527,0.0012453012,0.0061274
S0895,0.011338839,0.0060770246,0.015165014,0.010075184,0.0035500515,0.004112101,0.004397749,0.0041040326,0.013226104
S0896,0.023084654,0.01936526,0.033981044,0.011467394,0.0036719088,0.018567467,0.008907326,0.0035070344,0.70525813
S0897,0.03563211,0.98849565,0.013076238,0.0128533,0.004171325,0.0096326275,0.0056727827,0.0028949897,0.00704381
S0898,0.0033067327,0.0038070872,0.0057122856,0.0036387749,0.0013965099,0.0021254958,0.001546469,0.0013825982,0.004347128
S0899,0.0039966037,0.0029632666,0.0050495095,0.004821428,0.0013920309,0.0012179142,0.0011283851,0.0018965679,0.0068632765
S0900,0.0029520595,0.004393391,0.007898069,0.0042469297,0.0052900068,0.0020685433,0.001651989,0.004718391,0.10570779
S0901,0.01143994,0.01040308,0.013524272,0.0062256237,0.003968485,0.0038481453,0.002520696,0.0024842173,0.9845625
S0902,0.004157492,0.003620869,0.0053553986,0.006004953,0.0038876496,0.0020274324,0.0022978776,0.0020189076,0.0067268685
S0903,0.003618428,0.005231767,0.0070293443,0.004556264,0.002559093,0.0013418342,0.0016001649,0.0010136237,0.00839221
S0904,0.008829913,0.007954461,0.010674214,0.017345617,0.006412315,0.0046267984,0.007230564,0.0045480076,0.009615698
S0905,0.029624915,0.006105753,0.006496488,0.0049089766,0.004566421,0.0028112934,0.0020633717,0.0018408645,0.9783265
S0906,0.012945379,0.009373179,0.012151703,0.005250016,0.0036858427,0.0033970184,0.0023071787,0.0023077868,0.9845769
S0907,0.007311499,0.028696766,0.016449466,0.009733431,0.003553635,0.0032302618,0.0027336818,0.0034503993,0.8529428
S0908,0.053895425,0.010808794,0.009130848,0.017616667,0.004034239,0.0033228744,0.0033042778,0.004256421,0.0056907944
S0909,0.0028786745,0.002320451,0.005284662,0.0047709816,0.0011446034,0.0011872209,0.0010196181,0.0015298787,0.00791565
S0910,0.045619298,0.014539664,0.006589189,0.0057934755,0.0029663772,0.013570236,0.0030475145,0.0037322007,0.01338171
S0911,0.0048526744,0.012867795,0.046348453,0.0815918,0.003138999,0.0035711199,0.002833323,0.0019839457,0.01205838
S0912,0.9769413,0.018087517,0.03565342,0.012839483,0.006257934,0.009524751,0.0055318894,0.0045760823,0.035580542
S0913,0.006391558,0.0024205619,0.02122626,0.008550691,0.003393413,0.0037946205,0.004047311,0.0018448228,0.012334313
S0914,0.6938678,0.02254596,0.9701835,0.9622337,0.00972672,0.035991274,0.027508363,0.008688895,0.17669864
S0915,0.92293817,0.08089332,0.015073871,0.0147816595,0.0051148348,0.008055404,0.0061704568,0.0031725187,0.0049164714
S0916,0.00889776,0.9927257,0.011546388,0.0062630363,0.0021366996,0.0035300679,0.0025718505,0.0025898083,0.005634711
S0917,0.005635867,0.008881839,0.08828907,0.111989,0.0048213536,0.009066252,0.0076437546,0.020945147,0.0076274397
S0918,0.0046892306,0.013165554,0.021478249,0.023415124,0.0022554505,0.003025711,0.003133088,0.003520799,0.0058513354
S0919,0.013877861,0.9869536,0.010400417,0.005537913,0.003222614,0.0064267293,0.0026645379,0.00302963,0.00630188
S0920,0.022763107,0.013640204,0.9699664,0.044889357,0.004756687,0.016565366,0.012915212,0.00448931,0.045212787
S0921,0.03347418,0.012582851,0.9741546,0.9798665,0.0067624776,0.0142306965,0.014115848,0.0051309387,0.03978263
S0922,0.0028332213,0.0030705475,0.0037165962,0.0033613439,0.00136054,0.001288794,0.001264375,0.0017234128,0.0039503253
S0923,0.96425474,0.041452035,0.027734142,0.01903245,0.008767208,0.014516574,0.008696722,0.006624332,0.024099458
S0924,0.0052803545,0.0057781627,0.01127949,0.008212176,0.0014274616,0.0019358832,0.002223184,0.0030040727,0.0032248646
S0925,0.014344704,0.0070641846,0.012195639,0.0054396754,0.0032641464,0.0032827868,0.0045139776,0.003639585,0.0027768803
S0926,0.009140502,0.0068978323,0.6879605,0.028965807,0.0035468347,0.0055123004,0.0048517203,0.003506029,0.83249456
S0927,0.060027666,0.07905435,0.061098725,0.06645938,0.66041404,0.5665315,0.03241279,0.024636455,0.82083714
S0928,0.0059364336,0.0045935633,0.02327326,0.027279917,0.0011810585,0.0013865794,0.001804851,0.0020028886,0.0044929143
S0929,0.010992093,0.9920558,0.010332463,0.0074661174,0.0031333,0.0051576747,0.0027602133,0.0031402905,0.006786164
S0930,0.009689339,0.011237053,0.025483403,0.2592515,0.0041196584,0.003360457,0.0021695874,0.0035063073,0.008323863
S0931,0.005707637,0.006067318,0.0058276416,0.006538339,0.0035619042,0.0035574525,0.0030901816,0.0050288015,0.004497689
S0932,0.0337232,0.0049822787,0.05180154,0.06026001,0.0019712546,0.0041999808,0.002924154,0.0038651242,0.006479428
S0933,0.0858897,0.015191538,0.97053975,0.9656569,0.0064403005,0.019666435,0.015096483,0.0050281063,0.051995777
S0934,0.0133111905,0.040491592,0.018029917,0.0044162665,0.0035574823,0.003986111,0.0025618707,0.0029085362,0.83574706
S0935,0.0032777984,0.006678735,0.004737324,0.004400485,0.0020103573,0.0018633505,0.001814429,0.0037171617,0.0028505393
S0936,0.012313167,0.011947463,0.012511225,0.011567629,0.0036354035,0.0038143198,0.0022947895,0.0028965257,0.0057148812
S0937,0.009540966,0.9271873,0.00859505,0.006036855,0.0036530036,0.0035155849,0.0020326748,0.0028157602,0.9454447
S0938,0.027667621,0.014083436,0.9362114,0.9134799,0.0069800667,0.009755745,0.011904919,0.00803313,0.09337153
S0939,0.024048844,0.005872708,0.032221686,0.0039360067,0.0019340983,0.0018214589,0.0016876602,0.0012814926,0.9495017
S0940,0.027159672,0.007231091,0.007591947,0.0049804165,0.00415753,0.004249935,0.003209006,0.006621993,0.019128779
S0941,0.003176881,0.005137394,0.0054332265,0.004231437,0.0018474109,0.001677746,0.001396571,0.0031981978,0.0036326777
S0942,0.009052348,0.0036589075,0.009112605,0.0053126677,0.0015393712,0.0021129088,0.0021322635,0.0012942933,0.0034453988
S0943,0.029004112,0.01130635,0.9786639,0.9748341,0.0063884677,0.011242387,0.01195376,0.005684195,0.009770824
S0944,0.009671388,0.0036272593,0.005075165,0.0055369576,0.0042691813,0.0020785208,0.0011810808,0.0037091002,0.0020347084
S0945,0.005636185,0.0030149198,0.011279998,0.0052674403,0.0020435408,0.0028683469,0.0017947571,0.0021633408,0.003636167
S0946,0.0068365447,0.02660191,0.041540038,0.014707098,0.0034379833,0.005130929,0.0039342158,0.003369923,0.014278563
S0947,0.023452634,0.009930149,0.9764473,0.9732305,0.0052248044,0.011665445,0.012174791,0.00463548,0.0114631895
S0948,0.04293126,0.008751692,0.9614766,0.91068345,0.00514459,0.0072101043,0.0057905023,0.0034625542,0.015275729
S0949,0.012500456,0.011977007,0.020005036,0.018574605,0.005552763,0.008775437,0.0028224203,0.0041596508,0.027857
S0950,0.0036141165,0.004029922,0.0059260987,0.0050885747,0.0018337637,0.0016137811,0.001955198,0.0040833326,0.0041937404
S0951,0.0055153933,0.005800336,0.009894976,0.008829686,0.004135784,0.0045818994,0.0040233517,0.0024076079,0.95942795
S0952,0.013255944,0.02116922,0.08262678,0.013035091,0.002580296,0.005633299,0.0044917124,0.0030167422,0.008807603
S0953,0.0034363717,0.0043385164,0.004850735,0.0033355248,0.0021803253,0.0020372723,0.0017930648,0.0027840699,0.0040619234
S0954,0.0031784314,0.0047272057,0.0057467325,0.0039157323,0.002071043,0.0022830155,0.0024159115,0.0019025065,0.0019242518
S0955,0.0191283,0.8382114,0.010102111,0.0074193887,0.003641308,0.004387121,0.0022934205,0.0033690694,0.9745412
S0956,0.092919044,0.019176006,0.032891426,0.034471422,0.031401124,0.017913915,0.73960525,0.044542935,0.024431676
S0957,0.02613978,0.0035120496,0.023932332,0.02714846,0.005693027,0.007731569,0.005521196,0.0032410186,0.053160835
S0958,0.005378293,0.009137466,0.0070292526,0.0078735445,0.018053068,0.0017929554,0.0019010913,0.001858148,0.015008572
S0959,0.010134473,0.008122208,0.014229337,0.014429383,0.0023022431,0.0038953654,0.0042933417,0.0076528876,0.0020990975
S0960,0.98229444,0.02327632,0.02272264,0.020022625,0.0050345166,0.010944704,0.0073843775,0.004412266,0.10712347
S0961,0.021753328,0.01709816,0.94432336,0.9210609,0.008779062,0.02159534,0.016005846,0.006245509,0.045467645
S0962,0.0076541984,0.0039661922,0.018840387,0.00805041,0.0031452165,0.0023738078,0.002693094,0.0013054712,0.012181672
S0963,0.016986668,0.0040172357,0.008829991,0.0054599354,0.0027072637,0.0030886028,0.0021690256,0.0021545133,0.9839467
S0964,0.0062714913,0.0072142757,0.008570488,0.0074948175,0.020685263,0.0017147716,0.001433715,0.0015708823,0.012697758
S0965,0.03849756,0.013171112,0.84553736,0.80781394,0.006843733,0.0068065277,0.007410462,0.005485418,0.01934961
S0966,0.9769465,0.030594653,0.01736612,0.018671868,0.004945541,0.008388168,0.0063626617,0.0038278445,0.050710797
S0967,0.0040107653,0.0032237545,0.0042125294,0.0046623247,0.001370623,0.0014794174,0.0013368141,0.001737599,0.005779177
S0968,0.010245265,0.007135913,0.038225472,0.009341909,0.0033506956,0.003359458,0.0026333497,0.0021646388,0.049625494
S0969,0.55746,0.0072427467,0.016133433,0.008120787,0.0075956294,0.006257467,0.002913247,0.003187184,0.9729719
S0970,0.0059625893,0.007941133,0.013101426,0.008334204,0.002292274,0.0022844404,0.0022791824,0.003525699,0.011742247
S0971,0.0074108914,0.988327,0.007989677,0.0063990653,0.0018925683,0.0031797898,0.002195194,0.003476537,0.006521435
S0972,0.027007246,0.014379457,0.9402016,0.9676453,0.006714945,0.009956845,0.008209875,0.00382964,0.009752256
S0973,0.009256033,0.0025453889,0.010825805,0.011318167,0.0034381007,0.006877394,0.0040224674,0.0027196384,0.010469418
S0974,0.9666858,0.021156138,0.025247242,0.011821621,0.0054571517,0.010064715,0.004557407,0.0048446273,0.03264184
S0975,0.65427035,0.013639137,0.041161377,0.014952235,0.012674111,0.008587655,0.004651418,0.005050851,0.9733884
S0976,0.060510874,0.113150254,0.11089571,0.82432353,0.76502335,0.020485023,0.015426378,0.020157557,0.034041334
S0977,0.011210037,0.008101466,0.0086637605,0.0053721066,0.0022522947,0.0041375784,0.004215222,0.008527576,0.006060047
S0978,0.0050725276,0.038741477,0.017075205,0.012083055,0.0019351568,0.00328427,0.003237278,0.001687709,0.0122658955
S0979,0.048978128,0.044679306,0.056079876,0.052170075,0.7425282,0.024306232,0.02814431,0.024673127,0.8161848
S0980,0.052858908,0.007138164,0.2937338,0.007124289,0.0022803969,0.0025765216,0.0024832026,0.0022114387,0.22936547
S0981,0.0206105,0.010039673,0.014032076,0.008662894,0.004928316,0.005796141,0.0033850824,0.0024574753,0.98090875
S0982,0.008461012,0.0045918846,0.011299949,0.008501774,0.0032507027,0.0026741438,0.0026401079,0.0019884123,0.007280285
S0983,0.032756966,0.031510137,0.05728277,0.038301952,0.0087194275,0.011094468,0.007709019,0.723595,0.01657722
S0984,0.032757662,0.09174046,0.016892929,0.012967318,0.0042895675,0.0035214655,0.003011487,0.0044726795,0.8841015
S0985,0.00488709,0.00701885,0.006036429,0.0055505,0.003095493,0.002096295,0.002485049,0.0019483725,0.0035279982
S0986,0.0076386533,0.9895319,0.011342082,0.008960851,0.002764003,0.0045087347,0.0035567605,0.0037534405,0.006755973
S0987,0.016944163,0.01229203,0.011637201,0.0122996615,0.0074665463,0.009002158,0.0064537376,0.008810457,0.0062441765
S0988,0.006797649,0.015056677,0.022339057,0.01901077,0.005319468,0.0060014343,0.0043071895,0.0028751432,0.007046829
S0989,0.007573421,0.00561326,0.010602688,0.010795625,0.004328284,0.0055439477,0.004183425,0.0027591188,0.95894986
S0990,0.0037599183,0.005731193,0.005468079,0.0037660785,0.0022481163,0.002114348,0.0017293089,0.0034737214,0.0028668
S0991,0.8074091,0.81253034,0.79262704,0.8364562,0.6819854,0.7907376,0.7453157,0.6966645,0.0373925
S0992,0.010749185,0.0057824673,0.14373074,0.17464064,0.0021586823,0.0024881896,0.0021795991,0.0030486921,0.012976128
S0993,0.008081493,0.9817592,0.004928739,0.009094978,0.0038137245,0.004031316,0.004528626,0.0030902727,0.004934392
S0994,0.009891314,0.99272186,0.0058292183,0.009555678,0.0033817235,0.0047712945,0.005012164,0.0035514184,0.0051674196
S0995,0.14221,0.29765528,0.027661711,0.5935311,0.0066241287,0.008896643,0.009586506,0.009403793,0.011800526
S0996,0.0064727096,0.0036705974,0.015801825,0.013359869,0.0047142245,0.0048098937,0.003184355,0.0020708763,0.93103343
S0997,0.013302268,0.0013525803,0.0056289127,0.0030949,0.0017580811,0.0013982069,0.0016862955,0.0017511647,0.036548644
S0998,0.019074997,0.009677345,0.968136,0.9719385,0.0064188987,0.01137187,0.011998704,0.0041637896,0.040667854
S0999,0.0068299472,0.014960691,0.0075437054,0.0034994283,0.0010751742,0.002068133,0.0024145276,0.0016041152,0.010778776
S1000,0.012343654,0.9925846,0.010203687,0.0070084846,0.0022698794,0.005578826,0.003074695,0.003258774,0.006178223
S1001,0.017007476,0.010066496,0.01996412,0.013958509,0.0037726755,0.0037239932,0.0023399047,0.0040154494,0.005159624
S1002,0.020245299,0.0111429235,0.011982843,0.011212168,0.007442997,0.006187768,0.0053668567,0.007043005,0.0076954365
S1003,0.80376065,0.045131326,0.90894383,0.9094081,0.016269559,0.039604653,0.016935438,0.008428496,0.021938017
S1004,0.027822098,0.8386256,0.014838581,0.026881326,0.021370022,0.0051981355,0.0064357854,0.00868036,0.015163201
S1005,0.8211671,0.016651567,0.86790717,0.86421853,0.0079065515,0.016941693,0.014860933,0.007754877,0.015973957
S1006,0.0046109576,0.004227127,0.05033622,0.015353272,0.003764658,0.0056470325,0.0054708594,0.0036525652,0.0031675405
S1007,0.0074363584,0.00852037,0.0076185977,0.00667178,0.0022432278,0.0044716704,0.004952454,0.0382172,0.009528214
S1008,0.013223587,0.007915834,0.86723197,0.90633595,0.0063067423,0.009579642,0.008777238,0.004180824,0.014936852
S1009,0.040290214,0.9895255,0.010266203,0.012451874,0.0048871906,0.00913561,0.0047782674,0.0028986537,0.012226842
S1010,0.024175128,0.009618338,0.11305486,0.16274782,0.037937395,0.0057871235,0.022376237,0.059428476,0.005547966
S1011,0.025451263,0.0106894225,0.9693672,0.9713136,0.0048921173,0.009109324,0.009202476,0.004425944,0.015813414
S1012,0.03669724,0.012227674,0.95839024,0.9566864,0.0072689927,0.008176079,0.009931136,0.005564877,0.06537895
S1013,0.024779793,0.0103175845,0.020621305,0.03556273,0.044468034,0.0046964167,0.019700844,0.048070453,0.015908502
S1014,0.020134013,0.027079657,0.05970157,0.04531651,0.6297617,0.020839397,0.013893182,0.008918724,0.9311118
S1015,0.029913455,0.940879,0.020610271,0.008651594,0.0045730816,0.006416331,0.002218188,0.004418888,0.82001287
S1016,0.0117610935,0.00962157,0.010834068,0.0049204407,0.0052240677,0.0050327065,0.002576062,0.0019860594,0.9688252
S1017,0.037955713,0.020510752,0.04262442,0.012681946,0.0035344728,0.019941507,0.012725016,0.008727933,0.8239854
S1018,0.008349274,0.0034902978,0.0135935275,0.0074059665,0.0010199478,0.0022737617,0.0031003142,0.0012173962,0.0033796057
S1019,0.008470635,0.013177785,0.02780706,0.01736344,0.0052956105,0.008425645,0.0029402194,0.0052571744,0.012037305
S1020,0.0058719134,0.002259426,0.0044697025,0.0035256143,0.0026766355,0.0015024141,0.0011446845,0.002216728,0.011782982
S1021,0.008568544,0.0073008225,0.017063057,0.0065401243,0.0052473675,0.006891807,0.005119533,0.01001412,0.012579243
S1022,0.055092275,0.010383797,0.9737611,0.9580172,0.006241749,0.011516862,0.011596162,0.009567444,0.02219968
S1023,0.042492796,0.049967803,0.016125401,0.012915745,0.011071378,0.045529313,0.008761993,0.0114933755,0.87589693
S1024,0.00892644,0.0042055575,0.014652319,0.009529995,0.0011922291,0.0021697672,0.0036099881,0.003916492,0.001567078
S1025,0.0051229224,0.98700464,0.0047373916,0.0063922517,0.0026790008,0.0029908046,0.0034773648,0.0027161117,0.0029789456
S1026,0.0069422782,0.009682158,0.0077030077,0.0073143514,0.0032538034,0.005199362,0.0037158038,0.0022688594,0.004842473
S1027,0.0077043413,0.0052422653,0.008511901,0.005593305,0.0063302005,0.0036737774,0.003436941,0.003953703,0.013614183
S1028,0.00441028,0.0026647612,0.005771023,0.0039065103,0.0014298902,0.0014651205,0.0013866846,0.0020319878,0.0064614797
S1029,0.020559046,0.0056935525,0.02436818,0.0031879365,0.0017142352,0.0016780865,0.001461554,0.0010866218,0.9401558
S1030,0.103373244,0.021346195,0.088921905,0.12201227,0.0035923044,0.014220101,0.012096191,0.005070105,0.031295706
S1031,0.004346846,0.0032398726,0.0060803453,0.005242538,0.003417062,0.0017939303,0.002469053,0.0022941155,0.0030933826
S1032,0.01088918,0.98937714,0.014967138,0.008469169,0.0025870188,0.0043523414,0.0028014067,0.0037185259,0.0068000234
S1033,0.19982345,0.005210263,0.16405973,0.005081925,0.0022796837,0.0029644216,0.0025039685,0.0019936278,0.82227296
S1034,0.004190791,0.0035838112,0.009019964,0.007847675,0.0013114376,0.0014501471,0.0013808652,0.0015380947,0.008324156
S1035,0.03578167,0.00873731,0.007984906,0.00486827,0.0030119512,0.003978613,0.0020265963,0.002111838,0.9856798
S1036,0.010680482,0.9840342,0.0050340015,0.0075405715,0.0030994122,0.004447182,0.0044512795,0.003199244,0.007815279
S1037,0.0070330426,0.0033656787,0.009443338,0.008532645,0.0021946616,0.0026993933,0.0028476987,0.0033899683,0.013382437
S1038,0.039039604,0.020019976,0.86986864,0.8563198,0.005344025,0.011277387,0.009437786,0.0054859547,0.010772964
S1039,0.027731303,0.09512846,0.018412549,0.007998541,0.005243783,0.006004596,0.0036604374,0.004518124,0.820165
S1040,0.03704851,0.0077179233,0.8747223,0.027088517,0.004166017,0.017294474,0.00789193,0.004653918,0.013861539
S1041,0.011058967,0.98945236,0.008148668,0.0056763953,0.001877168,0.0031978693,0.0023577828,0.0031167408,0.0060728914
S1042,0.81717604,0.80243236,0.0578852,0.07484971,0.038057514,0.7581052,0.061599113,0.039843984,0.156241
S1043,0.906822,0.01985192,0.9175733,0.8473705,0.011540228,0.04205331,0.024931569,0.0093193175,0.046287768
S1044,0.01421871,0.006545247,0.00590958,0.0045254254,0.00201292,0.004265668,0.004540461,0.013877561,0.011531401
S1045,0.022935778,0.037365388,0.046725117,0.02007909,0.0074177445,0.025130596,0.9032605,0.013280052,0.013725174
S1046,0.008949781,0.025053626,0.020710405,0.007955035,0.02031625,0.019297738,0.0031920187,0.0048079053,0.8408454
S1047,0.04234293,0.016361944,0.9281022,0.11616133,0.008615092,0.0065001897,0.0066104024,0.0065054544,0.0145097375
S1048,0.019778375,0.010964791,0.9675188,0.96314967,0.0054265037,0.009901835,0.011786309,0.0051773083,0.012143952
S1049,0.012693301,0.9914464,0.013549423,0.009622331,0.0025346454,0.006121563,0.00344325,0.0036524204,0.006613014
S1050,0.01375075,0.0107426355,0.0381868,0.011775256,0.0026758374,0.003972149,0.0044507226,0.003420872,0.004652397
S1051,0.018687787,0.0120516345,0.04042364,0.01655628,0.005668636,0.0075193197,0.0075451666,0.004293868,0.8079797
S1052,0.006795883,0.2274061,0.034002263,0.014872288,0.0049947314,0.004564319,0.00492603,0.0037827368,0.0058917557
S1053,0.031426284,0.017463189,0.050990503,0.028505826,0.010346255,0.022373147,0.019659309,0.009339014,0.8827553
S1054,0.008946272,0.99196863,0.011727467,0.0065246625,0.0021922372,0.003389371,0.002628612,0.0028018635,0.005435469
S1055,0.8075697,0.7966649,0.79894584,0.812311,0.6812051,0.7637857,0.7313802,0.6874277,0.030264651
S1056,0.015610015,0.9591075,0.010533245,0.0071663014,0.0042265025,0.0047815987,0.0025063814,0.003086876,0.92015725
S1057,0.9714924,0.06498538,0.01788208,0.017801663,0.005180403,0.00989779,0.00715738,0.0046467474,0.03347876
S1058,0.021187607,0.008014477,0.008705525,0.0049101273,0.0033812611,0.0047709984,0.0045835725,0.0024611962,0.94315875
S1059,0.017716354,0.011261782,0.006553907,0.0048691193,0.004040205,0.00547463,0.0036473523,0.006933356,0.009514031
S1060,0.0096075125,0.0045243585,0.023627898,0.021436904,0.0015197371,0.0029333453,0.005079207,0.0025604689,0.015879756
S1061,0.009098299,0.9880872,0.013235234,0.012359246,0.002653171,0.004258669,0.0035837311,0.003917549,0.006761511
S1062,0.05336255,0.027792145,0.096115395,0.04031115,0.004002012,0.022820545,0.0060997074,0.0055568414,0.037208173
S1063,0.005379376,0.009378743,0.006629822,0.0055567017,0.003068084,0.0025931853,0.001739186,0.0018018987,0.006567949
S1064,0.0024954474,0.014094641,0.007196436,0.0030554659,0.0013696516,0.0015816186,0.001672995,0.0017968084,0.0500309
S1065,0.0026598629,0.010054618,0.0039257687,0.0033151929,0.0025597087,0.001202258,0.0017729506,0.0010801255,0.0067212135
S1066,0.005236513,0.0045266943,0.008832013,0.0068642246,0.0034414888,0.0026191552,0.002086081,0.0017084029,0.007335879
S1067,0.010435681,0.9899809,0.008336453,0.005783622,0.0031138645,0.004373205,0.0027038842,0.00266945,0.0048840935
S1068,0.027092189,0.007533543,0.84410584,0.8388634,0.006863682,0.008376914,0.008606402,0.004527442,0.011407962
S1069,0.011170829,0.9892386,0.017361594,0.011362384,0.0023024015,0.0042204494,0.0031727883,0.004026736,0.006813298
S1070,0.049052455,0.022487303,0.010968018,0.004900503,0.0041143834,0.0046848767,0.004056881,0.0015683795,0.8822675
S1071,0.0077260523,0.007177637,0.00910342,0.006624176,0.0030724767,0.00272681,0.0023307616,0.001852403,0.0041615013
S1072,0.009487232,0.9912882,0.0119978255,0.0077427044,0.002202893,0.0043780273,0.0029893396,0.0034037947,0.008439208
S1073,0.006876105,0.0077451942,0.010675541,0.008148318,0.003764614,0.005794575,0.004036817,0.0029809629,0.006002228
S1074,0.0041125496,0.0076013235,0.007304413,0.0061511765,0.0025371895,0.0035515674,0.002648847,0.0026075724,0.9687213
S1075,0.0109522175,0.014400149,0.011997065,0.005812732,0.0044481074,0.0036746557,0.0022168704,0.0020592434,0.9605173
S1076,0.0052267546,0.0069100983,0.008099339,0.0047783405,0.001544784,0.0022733812,0.001958086,0.00114455,0.010919207
S1077,0.007937975,0.9928007,0.010181862,0.007172051,0.0020432428,0.0036475467,0.0029361835,0.0032331098,0.0060337307
S1078,0.0447915,0.05800419,0.11963358,0.79810673,0.023945468,0.049533077,0.7380414,0.04226839,0.011872975
S1079,0.00808186,0.00940491,0.012707761,0.008146191,0.0019005522,0.0021503945,0.0022872617,0.0037517971,0.005158744
S1080,0.8272306,0.024140906,0.8066638,0.07818119,0.012985649,0.025646344,0.018198311,0.007037373,0.022848824
S1081,0.0068838797,0.006659603,0.011488404,0.015249794,0.003368557,0.0060915626,0.007788715,0.0042974465,0.0038445336
S1082,0.008406585,0.0069873184,0.0124849565,0.007910492,0.0013038467,0.0021662437,0.0022428744,0.0029572113,0.0030887036
S1083,0.018548453,0.011927361,0.8310691,0.023353312,0.0031827674,0.009505543,0.007920164,0.004294564,0.047299832
S1084,0.016507875,0.94525516,0.0114307795,0.005888577,0.0015582202,0.0031927049,0.0025040412,0.0038207837,0.006158554
S1085,0.007842725,0.003374556,0.014674047,0.0076590134,0.0040097926,0.0033062466,0.0017622182,0.0022193538,0.012892924
S1086,0.012707303,0.99119604,0.01192669,0.008441199,0.002476472,0.0064022737,0.0034293004,0.0035111406,0.0066720047
S1087,0.0047500874,0.004585384,0.0069917375,0.0059394925,0.002559909,0.0027062367,0.0040567606,0.011221757,0.0069589624
S1088,0.0070474884,0.11659417,0.00853208,0.005821406,0.003038498,0.0029082776,0.002977847,0.0015790832,0.005220375
S1089,0.011096569,0.011343015,0.013677284,0.004920099,0.007227185,0.019394055,0.0086971875,0.0043144575,0.06247691
S1090,0.036229648,0.014420521,0.09058315,0.026513103,0.0026700615,0.007066883,0.006498424,0.005171428,0.1368855
S1091,0.010587467,0.007156407,0.01849047,0.011419559,0.0065524084,0.003781778,0.0017161606,0.0028382714,0.012802338
S1092,0.0039571566,0.0016701159,0.008409219,0.005057188,0.0014251766,0.0027602543,0.0017505505,0.0012882237,0.004717503
S1093,0.79766005,0.82620394,0.7752004,0.80516446,0.68071073,0.797884,0.6959557,0.67482173,0.05006501
S1094,0.014964452,0.0035132119,0.011355762,0.011016791,0.0052887946,0.005270459,0.0024616213,0.0026926883,0.0069041713
S1095,0.005012635,0.011648944,0.038221158,0.014986174,0.006530472,0.006950212,0.008200241,0.008132831,0.922305
S1096,0.011999596,0.012641733,0.045868978,0.015135342,0.0041148374,0.01027627,0.0045406823,0.0050560287,0.008463259
S1097,0.0049950685,0.95817554,0.003864025,0.0048728334,0.002379199,0.0030884768,0.0032499414,0.0024979375,0.003209311
S1098,0.018756622,0.016420733,0.8945695,0.024261039,0.0097945165,0.008196181,0.0069488795,0.003077253,0.93271416
S1099,0.013179596,0.9906543,0.009275565,0.0070427423,0.002354543,0.005916302,0.0032935273,0.0034059025,0.00551097
S1100,0.0060769375,0.010433209,0.0071858494,0.0102199605,0.0027272007,0.004033611,0.007989693,0.032813776,0.009661347
S1101,0.009675401,0.0039965427,0.024819762,0.011547474,0.0044983206,0.0026785291,0.0038217478,0.011138165,0.014979094
S1102,0.97321546,0.022499658,0.030925384,0.01355326,0.0058943396,0.010541225,0.005745272,0.00520069,0.02345904
S1103,0.010581651,0.0062373094,0.022099698,0.008246743,0.0036913666,0.0040926216,0.002155031,0.0037271052,0.015167994
S1104,0.00828425,0.99026954,0.010468861,0.008493456,0.0024205947,0.0038083612,0.0032764194,0.0033306752,0.0050126957
S1105,0.0055614426,0.013573274,0.007969407,0.0064119934,0.002964741,0.0022043572,0.002053518,0.0023539928,0.0037402422
S1106,0.030496802,0.01558308,0.0606255,0.030364025,0.001652694,0.0063012615,0.007582863,0.002133864,0.0029226313
S1107,0.017631708,0.008071536,0.9263446,0.15537691,0.0031336732,0.008343282,0.0055724336,0.010692919,0.016520128
S1108,0.007091284,0.006813054,0.34274262,0.3259628,0.0027904825,0.0024221533,0.0021302856,0.0032206862,0.0051289885
S1109,0.009674385,0.004696035,0.06365244,0.006227358,0.002183773,0.0021960102,0.002138248,0.0026609679,0.8409939
S1110,0.04971607,0.011307435,0.9595065,0.9641509,0.0056467666,0.008166173,0.007985635,0.0039768834,0.014436903
S1111,0.042161625,0.004523368,0.058851194,0.0026540314,0.0015307688,0.002318891,0.0025707264,0.001206295,0.21171646
S1112,0.038091477,0.0037313276,0.008499984,0.013187842,0.0032587461,0.0038987368,0.0042269067,0.0034413498,0.003177574
S1113,0.024600133,0.021443162,0.16375111,0.86932313,0.014852637,0.0061111767,0.0053003477,0.011368165,0.011838758
S1114,0.8049402,0.035090387,0.8854209,0.8687726,0.018028036,0.04181152,0.044392668,0.014661071,0.030076575
S1115,0.042061746,0.011222875,0.97161996,0.9715083,0.005632427,0.008174841,0.011941264,0.007183573,0.023299478
S1116,0.0037792411,0.0037414562,0.009798193,0.0045818207,0.0024814229,0.0034158533,0.0020689154,0.0017442604,0.0035985901
S1117,0.012605382,0.0073877005,0.9555275,0.06288838,0.0032648977,0.035797395,0.034422833,0.004944167,0.011665718
S1118,0.016186075,0.0046254443,0.012510939,0.0061592823,0.0018807638,0.0036203812,0.0018328164,0.0007688761,0.0066822967
S1119,0.0035946749,0.005061255,0.0057890555,0.0036172583,0.0018000931,0.001881261,0.0017682354,0.0037177093,0.0037065372
S1120,0.009905559,0.0023396357,0.011634062,0.009953172,0.0029746625,0.0017833251,0.001063023,0.002088678,0.016922921
S1121,0.7944633,0.8437783,0.77218187,0.80097353,0.66254836,0.79884946,0.6992638,0.6687702,0.0409139
S1122,0.009028027,0.9925191,0.00942122,0.0075791283,0.0025423036,0.0042885533,0.003824488,0.0029254681,0.0039208652
S1123,0.00791242,0.005970075,0.01995622,0.008126502,0.004675801,0.0044790474,0.0038215865,0.002040597,0.009930707
S1124,0.015894543,0.019086702,0.005556725,0.0026161154,0.0025185249,0.0029177829,0.0015950302,0.0021305128,0.98131406
S1125,0.0073839114,0.0064365743,0.009488935,0.0069179498,0.0034463168,0.0025568171,0.0019271154,0.0024204657,0.0056407736
S1126,0.0061982973,0.004710121,0.0063941428,0.0064802035,0.0010746011,0.0028535645,0.0028467556,0.0013469792,0.007084058
S1127,0.018764762,0.71689725,0.0126900105,0.030847743,0.0059479093,0.006060464,0.0069254986,0.011284525,0.011479302
S1128,0.4181191,0.0127761485,0.9308902,0.8517335,0.004398852,0.0141394185,0.008018687,0.004621667,0.041201897
S1129,0.008481449,0.9921462,0.008194595,0.006439497,0.002161597,0.0037150688,0.00317457,0.0024985727,0.004729486
S1130,0.90746087,0.047010005,0.10685961,0.08642316,0.055466693,0.041956894,0.022052094,0.025220055,0.5472096
S1131,0.020310506,0.024290325,0.0076903948,0.0059189093,0.0017265497,0.0021853128,0.0020572431,0.0034890499,0.0052932696
S1132,0.01641374,0.4987513,0.011433028,0.0053695478,0.0037623688,0.004086406,0.0026025635,0.003033983,0.9613886
S1133,0.010793505,0.04994969,0.015146069,0.0041263825,0.0031436752,0.0036690019,0.002521855,0.00260183,0.78937167
S1134,0.037329488,0.008105526,0.85356367,0.017515806,0.0037150816,0.012613723,0.040877588,0.012046765,0.015859334
S1135,0.22869554,0.112047195,0.065909564,0.09742371,0.015644372,0.06275602,0.037987463,0.016406642,0.075925626
S1136,0.0029725302,0.0062447167,0.0041306852,0.00393318,0.0018467121,0.0011512517,0.0015422839,0.0010182714,0.002168039
S1137,0.0070608333,0.9929415,0.007900925,0.0066694384,0.0020867775,0.004908392,0.0029530744,0.0032897107,0.0055146324
S1138,0.33997744,0.013625704,0.74883485,0.8154818,0.0058129895,0.008593579,0.007621794,0.005978583,0.035235696
S1139,0.015530175,0.008615864,0.09259996,0.015036846,0.009900105,0.009398788,0.009456351,0.0027228459,0.9443924
S1140,0.006763057,0.9681531,0.011044384,0.012937659,0.002567933,0.0051489854,0.004678673,0.0023533136,0.02160108
S1141,0.013166842,0.029892217,0.07673604,0.012941876,0.003137289,0.010517392,0.0044768522,0.0053898096,0.0055006794
S1142,0.091005534,0.0058012623,0.011994925,0.009242557,0.002608537,0.0043981,0.003488392,0.0018157877,0.003928411
S1143,0.012776795,0.2674129,0.015132144,0.01202879,0.0027137187,0.0058646956,0.0025288803,0.0057265437,0.005029862
S1144,0.029495561,0.7616389,0.017654344,0.050836105,0.003417852,0.009818487,0.008195917,0.01918104,0.05092541
S1145,0.3860293,0.018982355,0.95093554,0.8843528,0.007672009,0.014265513,0.010955776,0.0063938512,0.077739306
S1146,0.027200634,0.015634727,0.006932655,0.0027032492,0.005301968,0.021071816,0.006553774,0.002120081,0.15555869
S1147,0.03184539,0.0054876558,0.032019645,0.011071308,0.0023304175,0.0014204027,0.0015174774,0.009990651,0.02208393
S1148,0.01159052,0.99305344,0.011449109,0.009682381,0.002451711,0.005650314,0.0030502935,0.003091573,0.005644855
S1149,0.085432276,0.01962611,0.22003916,0.52035356,0.008118001,0.006410374,0.0076417634,0.007965152,0.008039237
S1150,0.01212162,0.0075186407,0.8621051,0.8784378,0.004514026,0.0052957176,0.0043775,0.0032730673,0.01361122
S1151,0.014067163,0.010327273,0.013433817,0.0066352366,0.0041092522,0.0042571267,0.0025933317,0.002496304,0.98492116
S1152,0.030295476,0.012323274,0.06230741,0.05969288,0.0048400527,0.006041168,0.0048492914,0.016890809,0.02275639
S1153,0.0052824104,0.0038911905,0.011274888,0.0032618612,0.0019217863,0.0035967194,0.0020497818,0.0024250431,0.019775944
S1154,0.0072811306,0.007570489,0.021318426,0.011991531,0.02742086,0.0069887703,0.005710549,0.0028142743,0.15934625
S1155,0.027304199,0.018808123,0.95921916,0.97665703,0.008361276,0.018762749,0.021586541,0.006460364,0.031473413
S1156,0.017435882,0.005714465,0.050938886,0.002969769,0.0019329537,0.0024217512,0.0021546246,0.0014823774,0.9160427
S1157,0.044047303,0.027894562,0.807687,0.020614,0.0051110326,0.019473087,0.15220165,0.008881245,0.015736818
S1158,0.008649529,0.005253103,0.008225486,0.0032319662,0.0014828314,0.0027458454,0.005595264,0.002834561,0.021709984
S1159,0.008059068,0.9931537,0.008473419,0.006237866,0.0022153878,0.004273641,0.003138236,0.0025210131,0.004299446
S1160,0.007920761,0.973052,0.0052761477,0.008205974,0.002080048,0.0035699424,0.003633136,0.0023751187,0.026020724
S1161,0.08258018,0.008485657,0.021631269,0.01775854,0.0045519965,0.0054243677,0.0074891658,0.0040809424,0.00894078
S1162,0.0069395313,0.015934566,0.01472317,0.0074500805,0.0025308444,0.0027134574,0.0031689566,0.0049366164,0.013861189
S1163,0.017895753,0.98925686,0.007144933,0.0061989785,0.0024948986,0.0040066848,0.002888636,0.00366356,0.016031342
S1164,0.033625133,0.006979673,0.016449962,0.007793109,0.0028447849,0.0017282658,0.0021354128,0.009277148,0.017800285
S1165,0.015360263,0.98568505,0.02327111,0.010803447,0.0033428438,0.009037252,0.004633557,0.0042947307,0.005140642
S1166,0.11082293,0.009579026,0.019768547,0.020631019,0.0050106025,0.006567426,0.008822272,0.004365398,0.010294919
S1167,0.018282548,0.015864743,0.9588339,0.94771177,0.0077261985,0.007344057,0.010043818,0.006055222,0.06233542
S1168,0.017246196,0.020025268,0.013343704,0.012609152,0.006538092,0.012072312,0.010426148,0.0055928174,0.004526294
S1169,0.008831037,0.0060694767,0.0054091634,0.005058913,0.0030107505,0.0023936175,0.0025360938,0.004079954,0.0023625512
S1170,0.036030672,0.059214048,0.09277524,0.16130432,0.033019118,0.06672825,0.11065145,0.025503436,0.12699547
S1171,0.5152668,0.116588876,0.41955757,0.42170882,0.024222696,0.06147506,0.018475344,0.07945214,0.07549475
S1172,0.05717699,0.010647946,0.12152417,0.012325451,0.0040365686,0.004097794,0.004262127,0.019118875,0.012709004
S1173,0.008160045,0.37846062,0.12467935,0.07700284,0.0073804497,0.0044780835,0.004752674,0.005286591,0.08989692
S1174,0.066077076,0.035112783,0.38048697,0.4414424,0.084646456,0.018807493,0.01496681,0.0193733,0.53714055
S1175,0.0036981232,0.005254493,0.0049020075,0.0045731873,0.0023050504,0.0014064837,0.0017443271,0.0016971815,0.0024022225
S1176,0.009455116,0.004667179,0.024833318,0.01573593,0.0030422953,0.0038542259,0.0024971925,0.0018360916,0.0038383603
S1177,0.0026092473,0.04577703,0.013175708,0.004570681,0.0012995407,0.0021406529,0.0020053103,0.0010948292,0.009404726
S1178,0.010462779,0.016920647,0.012527133,0.009541029,0.0020141103,0.004380923,0.0023092625,0.0044688685,0.03845512
S1179,0.018388364,0.0044730664,0.017993882,0.004462681,0.0015203065,0.0014266554,0.0010979836,0.0010397836,0.8736905
S1180,0.005984555,0.0033598952,0.013282488,0.017429749,0.0013238488,0.0038975745,0.0041113226,0.0028887547,0.0038513583
S1181,0.026287565,0.035682507,0.0136233345,0.015488004,0.0026042415,0.006327623,0.0053709634,0.004063442,0.007410453
S1182,0.045530364,0.035984106,0.021458447,0.0067678676,0.005511027,0.0052780127,0.0038263556,0.002788483,0.011113088
S1183,0.0049212673,0.0045037232,0.008598656,0.0026179045,0.0013318132,0.0041756174,0.002317624,0.0013522066,0.028129378
S1184,0.1640038,0.014551049,0.34950975,0.41189608,0.0072816433,0.012189241,0.008838099,0.0037520067,0.04112743
S1185,0.0042966213,0.9793741,0.005016162,0.005198733,0.0015036811,0.0022555445,0.0021370272,0.0020873335,0.0039972467
S1186,0.0023850987,0.00547923,0.0066888444,0.004976752,0.0019749866,0.0018996323,0.0024272527,0.0015110379,0.0020621677
S1187,0.06846054,0.102902316,0.37844402,0.84569997,0.4258143,0.043322656,0.022759784,0.03250218,0.018453958
S1188,0.0030091433,0.0010657107,0.014207262,0.004370987,0.0027702008,0.0016821409,0.0015213767,0.002642195,0.018150646
S1189,0.24226561,0.022748116,0.94217765,0.89650023,0.012424898,0.15182304,0.13391061,0.013346737,0.06554637
S1190,0.86714876,0.01605289,0.020385409,0.0102299275,0.004426106,0.00924995,0.0065209554,0.0034048297,0.2672704
S1191,0.0128458645,0.13184187,0.070468225,0.18592766,0.014905117,0.027264044,0.17740348,0.031433914,0.015772954
S1192,0.05913628,0.026013236,0.37470454,0.56686264,0.008404793,0.009980894,0.016908037,0.040117793,0.022837909
S1193,0.016585473,0.33527696,0.011596758,0.007138322,0.0044991556,0.0051408587,0.003930853,0.0035309878,0.24244773
S1194,0.006789913,0.014432038,0.011571611,0.007400115,0.0050634895,0.0060838526,0.0049980385,0.003985311,0.004714783
S1195,0.0049720453,0.004133963,0.0065504843,0.0042190463,0.0009948236,0.0020751907,0.0027262524,0.0014844912,0.004486244
S1196,0.117734514,0.0071853325,0.02062984,0.0127924215,0.0075931535,0.004129708,0.0024557908,0.0033069593,0.9736806
S1197,0.010368466,0.98125327,0.02421174,0.0068096844,0.0023942546,0.008115481,0.0035093692,0.0030604599,0.0065073483
S1198,0.024891282,0.018444559,0.32692334,0.48609275,0.01891179,0.008879786,0.005846631,0.009164923,0.009405515
S1199,0.010554554,0.013853404,0.1481876,0.006792656,0.0023922364,0.0028387376,0.0024926825,0.0024704493,0.06270373
S1200,0.011476268,0.9804386,0.0069067194,0.012343197,0.002469424,0.0040462976,0.0043964623,0.0026759894,0.004879549
S1201,0.724025,0.8417307,0.49630356,0.57349247,0.28587893,0.7580566,0.31739298,0.26699156,0.0533597
S1202,0.0063810325,0.005956925,0.025535662,0.039970174,0.0021272716,0.0035340493,0.0032826588,0.0038258317,0.010476309
S1203,0.008341404,0.9750029,0.004487858,0.0053977966,0.0018492872,0.0034046634,0.0027641933,0.0020726724,0.030122185
S1204,0.01076305,0.12289921,0.016072232,0.009524081,0.0020622471,0.0025840404,0.002404232,0.0035558317,0.003950306
S1205,0.008716249,0.013214849,0.014610668,0.009801095,0.005730633,0.006872515,0.00573427,0.004172447,0.006083673
S1206,0.089564756,0.010857776,0.102473065,0.13918468,0.00764696,0.037034538,0.013821659,0.005204455,0.0044348594
S1207,0.074037746,0.031872608,0.2714402,0.24593906,0.024412308,0.044699334,0.47945037,0.039393168,0.015461105
S1208,0.04279387,0.005977791,0.0041819764,0.006293784,0.007733783,0.004274565,0.0038540356,0.0045295297,0.09566103
S1209,0.6233817,0.0081233755,0.021703321,0.018589089,0.0037599304,0.003915786,0.00475669,0.005602171,0.028397128
S1210,0.18094255,0.019867143,0.35194835,0.03517766,0.008267321,0.023083914,0.010777632,0.026195114,0.03674188
S1211,0.011539154,0.0082766805,0.20764339,0.029126942,0.0041225413,0.0052728164,0.0049286587,0.0016546908,0.32133117
S1212,0.022931451,0.014030283,0.008236615,0.0031929421,0.005939928,0.01833204,0.0047145123,0.0022154725,0.07866319
S1213,0.05013851,0.012085202,0.16262338,0.18699434,0.01873764,0.017234968,0.013215387,0.003015913,0.60531765
S1214,0.029883068,0.033818386,0.30100137,0.82518846,0.012833869,0.011949102,0.009429703,0.01122611,0.018151294
S1215,0.11398818,0.023256984,0.96876144,0.9362804,0.008586288,0.05781114,0.046180822,0.0080088265,0.03492225
S1216,0.012005424,0.9914128,0.01184539,0.0061377482,0.0025978214,0.008848472,0.003569914,0.0039296625,0.0068280376
S1217,0.9631082,0.01702303,0.038127426,0.023183566,0.0071551204,0.011619902,0.0055057844,0.0055502905,0.93115866
S1218,0.1566256,0.024277138,0.90786743,0.91588604,0.008506979,0.015307667,0.020206327,0.0076999925,0.025355484
S1219,0.0052149547,0.006910269,0.0042322497,0.0031739075,0.0030931318,0.0017021911,0.0019722194,0.001505586,0.0035812748
S1220,0.002158219,0.0026038717,0.0050485535,0.003500328,0.001856553,0.001537356,0.0013890987,0.0015559412,0.009926727
S1221,0.008100012,0.00412847,0.025197307,0.0132575575,0.0023181362,0.003216365,0.0022655732,0.0015796442,0.006626535
S1222,0.004172883,0.0014901676,0.017831536,0.0044491543,0.0019931286,0.002512273,0.0022955495,0.0017605142,0.042927083
S1223,0.026458835,0.91092575,0.013764864,0.050518833,0.0059045614,0.011242549,0.009894609,0.010620146,0.0077094687
S1224,0.009648992,0.98139274,0.009616483,0.009991919,0.0024043552,0.005273076,0.0043581137,0.0024114316,0.026401758
S1225,0.025031388,0.018559845,0.10391967,0.13128683,0.009090369,0.01819547,0.04526899,0.08049597,0.021645192
S1226,0.012708517,0.97213554,0.012049159,0.0083829705,0.0025909904,0.0062167034,0.0050348244,0.0030227946,0.0315316
S1227,0.015443255,0.010323643,0.014354293,0.0060536778,0.004194367,0.0038009684,0.0024101702,0.0026074874,0.9802165
S1228,0.41566032,0.38698512,0.24483089,0.040479667,0.010858536,0.16279788,0.0057264934,0.0148483515,0.09501814
S1229,0.046451304,0.014584592,0.014286456,0.006296301,0.0040538935,0.012468392,0.012932402,0.0031239125,0.050628625
S1230,0.06715175,0.0032320332,0.005161663,0.004345436,0.0029726136,0.0017435693,0.0009898243,0.0011968187,0.9226923
S1231,0.005690234,0.0067533837,0.0055511217,0.013109013,0.0023061458,0.004598162,0.003277752,0.00204262,0.0020483932
S1232,0.033867665,0.0048526055,0.031274535,0.00831814,0.001272241,0.0022777857,0.0030433624,0.0029040624,0.0010135662
S1233,0.0068052425,0.9768427,0.008206651,0.013251427,0.0024511842,0.0045459312,0.0046550846,0.0023154502,0.019069752
S1234,0.012223336,0.98628414,0.016831156,0.0060077785,0.0028916097,0.007873261,0.0036145516,0.003765197,0.0060057803
S1235,0.90770626,0.02300566,0.14820638,0.10658566,0.00720312,0.00958317,0.004338835,0.004973999,0.021405153
S1236,0.008459278,0.9896186,0.0111225005,0.008771123,0.0020134903,0.0041364855,0.002470544,0.0035061233,0.005127195
S1237,0.008295034,0.93302137,0.0073415353,0.007393879,0.0021960132,0.0047430284,0.0042641982,0.0036380417,0.010730473
S1238,0.007032065,0.011815567,0.013332134,0.0110412985,0.0010089783,0.0019854305,0.00177991,0.002499354,0.0033927937
S1239,0.007752943,0.9882636,0.0064976388,0.005973747,0.0020229185,0.0062738857,0.0032324535,0.003074112,0.0045452556
S1240,0.39488363,0.012507838,0.7617601,0.81948745,0.006130097,0.009068524,0.0063770614,0.0062235077,0.031937078
S1241,0.00961624,0.010819566,0.017035017,0.009584396,0.0030943705,0.0026783375,0.002942649,0.0038136027,0.015649037
S1242,0.0244192,0.06153689,0.0069632092,0.005814376,0.0027832282,0.012294547,0.0032845668,0.005911395,0.024117192
S1243,0.005260235,0.95849764,0.0069503086,0.0042933766,0.001447893,0.0023225672,0.0023323041,0.0018638357,0.0042843274
S1244,0.014127848,0.008825135,0.0326769,0.020191263,0.0046141846,0.0034614126,0.003592863,0.0040821126,0.0051880926
S1245,0.009883782,0.005919998,0.06024819,0.0054549244,0.0033759016,0.0028112074,0.0022725055,0.0019632631,0.6770666
S1246,0.013929015,0.006508381,0.014847362,0.018801134,0.0029736448,0.0060570636,0.007628584,0.009761866,0.016614946
S1247,0.009769623,0.97830963,0.006917651,0.006193947,0.0019640564,0.008656515,0.0037006915,0.0025318128,0.0035884592
S1248,0.01980718,0.8994592,0.018206323,0.035287656,0.005131258,0.007525408,0.006301731,0.019895907,0.0077708988
S1249,0.0039334362,0.96751386,0.0051842546,0.0045000357,0.0014459302,0.0021467363,0.0018620709,0.0018967263,0.0038271945
S1250,0.003106286,0.008632395,0.004882858,0.0027449739,0.003162281,0.0015264392,0.0016981179,0.0018871997,0.0069852388
S1251,0.02387723,0.012114631,0.040691026,0.026190836,0.0045365524,0.0038457536,0.003907248,0.01125787,0.020672629
S1252,0.012097808,0.9792973,0.025516162,0.0059726313,0.0026258868,0.009696423,0.0041772067,0.0032385543,0.0063431165
S1253,0.024185404,0.9717547,0.011268274,0.006581299,0.0029046775,0.007032911,0.0056355423,0.0039248047,0.036076065
S1254,0.006738521,0.991635,0.007008082,0.006339869,0.0019428324,0.0044513224,0.0026906307,0.003269134,0.005224559
S1255,0.11033934,0.04419793,0.36647022,0.39483246,0.016738627,0.016295204,0.10330838,0.024504365,0.011725312
S1256,0.04725992,0.0049793143,0.042761587,0.005790624,0.0018329399,0.0019370638,0.0014979602,0.0013699441,0.95129365
S1257,0.039520435,0.11918149,0.022698041,0.035067577,0.020203296,0.0200739,0.019572448,0.020194842,0.0055735917
S1258,0.0068851216,0.9908422,0.0072950497,0.0071232757,0.0020764591,0.004635687,0.0029473023,0.0036651336,0.006909373
S1259,0.008674857,0.9861864,0.008961689,0.005212498,0.001848414,0.005296903,0.0031655815,0.002849625,0.005678934
S1260,0.1720747,0.5748021,0.025229359,0.013055483,0.0061857924,0.02413312,0.005625137,0.005148924,0.03560482
S1261,0.017317293,0.006882576,0.013655086,0.0058581484,0.007979194,0.009990756,0.004165996,0.0035294942,0.6025703
S1262,0.00989533,0.97964305,0.006573899,0.0117665585,0.0029427265,0.0045404076,0.0053723683,0.0031600106,0.0047336617
S1263,0.7423238,0.07522877,0.76466143,0.7165679,0.016129171,0.10233267,0.12706418,0.011664351,0.06694334
S1264,0.57264364,0.0857387,0.019362077,0.023288712,0.015284588,0.010636386,0.0052055535,0.003462805,0.69658494
S1265,0.0075187325,0.0028228674,0.009025335,0.0050865603,0.0011788092,0.002664125,0.0022205946,0.0013500453,0.011234103
S1266,0.10514088,0.06326089,0.579693,0.93382406,0.01415511,0.035508133,0.034365993,0.05367595,0.009842879
S1267,0.08386634,0.018521693,0.9727125,0.9785221,0.010465419,0.02580595,0.0254516,0.008265406,0.038872667
S1268,0.012177976,0.008142981,0.010028104,0.0051394915,0.0050515803,0.004107318,0.0021407516,0.006444288,0.07814141
S1269,0.006030171,0.0065229237,0.4616151,0.27822143,0.0034198978,0.012713494,0.030725157,0.0050035147,0.16545482
S1270,0.6520306,0.03295826,0.9343006,0.7947378,0.0149687845,0.06454761,0.024535172,0.0077235275,0.05642674
S1271,0.06896727,0.19946244,0.018934771,0.02224285,0.008266643,0.08992039,0.024715206,0.02760213,0.015272869
S1272,0.027096134,0.024046844,0.016603231,0.00804052,0.0025815994,0.0036512725,0.0022588253,0.006456904,0.01995893
S1273,0.016007366,0.017487947,0.019537766,0.018563915,0.004326733,0.002039419,0.0040417984,0.0029368454,0.00855798
S1274,0.032478977,0.0063708737,0.016039792,0.013897462,0.0035593896,0.0040486455,0.0060712923,0.0036820732,0.009349966
S1275,0.11451272,0.013362301,0.90611374,0.8854457,0.0048966836,0.00904146,0.0071002343,0.0046426253,0.015554274
S1276,0.5446494,0.01925509,0.9502926,0.8240262,0.011663346,0.04173233,0.022510638,0.0056385966,0.0753562
S1277,0.20474014,0.008116587,0.014830546,0.016341526,0.0034607716,0.0070736036,0.0042129923,0.0042529632,0.021617178
S1278,0.014680046,0.0031639286,0.0105026895,0.0020208675,0.0009817913,0.00094025175,0.0010347033,0.00072482566,0.4902565
S1279,0.011660276,0.36907047,0.019618183,0.0061603277,0.0018299036,0.0072871433,0.0034757883,0.0033108615,0.0038989112
S1280,0.007968249,0.019187503,0.032063954,0.092712,0.018397348,0.0049143033,0.0041171163,0.0012123227,0.022581147
S1281,0.014996035,0.012967986,0.0912563,0.024911137,0.004534196,0.016390223,0.3862372,0.014853103,0.022729522
S1282,0.008004794,0.9925934,0.008474177,0.007056331,0.0021811933,0.0036841794,0.0031426041,0.0027042213,0.005489711
S1283,0.009936777,0.020056682,0.0132180005,0.0038834184,0.002439998,0.0042012143,0.005530516,0.0037505068,0.013504672
S1284,0.009828306,0.7544214,0.019127104,0.009037224,0.001789672,0.003042569,0.003656858,0.0032361918,0.008029888
S1285,0.048306946,0.0107707195,0.17250288,0.061041467,0.006554097,0.021320999,0.013656126,0.005682896,0.19909525
S1286,0.024956122,0.0051792464,0.022789836,0.0032272395,0.0014809289,0.0014209689,0.0013526327,0.0010609401,0.8946431
S1287,0.52363384,0.016171569,0.72043383,0.6954405,0.011948956,0.019667586,0.026643082,0.0071921335,0.04371994
S1288,0.003821199,0.0065378956,0.003803275,0.0035469227,0.0012931216,0.0021972975,0.0014602934,0.0011960838,0.003414175
S1289,0.08143156,0.1327238,0.068179056,0.061820287,0.012026625,0.068780564,0.049457964,0.020850267,0.035250608
S1290,0.51995003,0.033641435,0.6729182,0.3044147,0.011470603,0.12598512,0.081084006,0.008761807,0.5687603
S1291,0.0115312245,0.014257657,0.024290517,0.03689648,0.0070821336,0.0038139527,0.0059273806,0.0068016374,0.0075492947
S1292,0.025133837,0.03845838,0.8166288,0.69164926,0.011919337,0.031229278,0.033272896,0.007399761,0.054495834
S1293,0.0612688,0.008987215,0.09011798,0.016316893,0.0023394888,0.003577708,0.0042824247,0.0051094224,0.0015673268
S1294,0.036579393,0.006471374,0.045049917,0.025682002,0.0038903418,0.0031002678,0.0023369114,0.0048079086,0.021293474
S1295,0.0052581695,0.0060384674,0.011135044,0.011570755,0.0026180963,0.0034880657,0.0072886236,0.019077124,0.010016823
S1296,0.24494883,0.01355691,0.008047728,0.007856553,0.0035683704,0.006672544,0.0042364034,0.005014674,0.01552546
S1297,0.012371202,0.0066274577,0.007682275,0.005239212,0.003545755,0.0025839375,0.0036505642,0.0038751524,0.013393884
S1298,0.0023007991,0.0026083665,0.004667143,0.0035660856,0.001642522,0.0018164285,0.0015554682,0.0011039102,0.0049131326
S1299,0.007870398,0.97828376,0.01040194,0.008663538,0.0023309905,0.0031380423,0.0034291775,0.002781136,0.022168003
S1300,0.010460139,0.9906367,0.009546001,0.0075070844,0.0023381854,0.0048150714,0.0035186335,0.0028258958,0.004902987
S1301,0.0022722853,0.48900443,0.012035278,0.0056060567,0.0053770873,0.0019365784,0.0026630578,0.0025676228,0.010828488
S1302,0.0035888243,0.003775223,0.0072086463,0.0037184376,0.0012037803,0.002198886,0.0029121495,0.0012645519,0.10030856
S1303,0.0045790826,0.018755231,0.025750956,0.0076175136,0.0022992988,0.0039004297,0.0036133328,0.002107421,0.0030663041
S1304,0.008632982,0.008711546,0.008937916,0.007775272,0.0021942905,0.0028682975,0.0042811455,0.015324177,0.016051946
S1305,0.00810774,0.9906966,0.008397312,0.007087295,0.0021592346,0.0038181823,0.0032200057,0.0025834932,0.0046309074
S1306,0.0053741927,0.9931716,0.0071700527,0.0055018016,0.0018677633,0.0025087732,0.0022289956,0.0024055901,0.0062613958
S1307,0.008099149,0.8881742,0.0047933115,0.0053575407,0.0017646231,0.0037685405,0.0028669755,0.0023984613,0.0051076612
S1308,0.006955025,0.9892443,0.01169153,0.011151591,0.002190018,0.0030838684,0.0037545334,0.002460878,0.004108954
S1309,0.011240724,0.0034082986,0.026302686,0.010575401,0.014178416,0.0024382405,0.0018044107,0.0027290196,0.30997807
S1310,0.004470383,0.98080635,0.0060042804,0.004951075,0.0015014063,0.002346857,0.0019399279,0.0020168056,0.0043364647
S1311,0.61698127,0.030412976,0.884027,0.94253284,0.01223958,0.03915159,0.023003021,0.009144587,0.015591918
S1312,0.7818233,0.83926296,0.74394524,0.79566765,0.6402088,0.80423516,0.68861955,0.64831287,0.04981862
S1313,0.01073363,0.012285277,0.010464717,0.0067561045,0.0031809702,0.0035860066,0.0044785547,0.0029202336,0.0048263767
S1314,0.030130297,0.0258926,0.10182228,0.008021702,0.0022268633,0.018408848,0.002992339,0.004604093,0.8017009
S1315,0.9154417,0.018842392,0.92726487,0.91957366,0.011820561,0.025930012,0.015397796,0.0090197865,0.8146313
S1316,0.09528209,0.010888383,0.017868828,0.007614949,0.0074055493,0.024527898,0.01125243,0.003238418,0.15355043
S1317,0.020116298,0.030684512,0.10789682,0.029559368,0.022723386,0.032056134,0.03133616,0.019871544,0.5473827
S1318,0.008736902,0.028662067,0.015475017,0.0053472263,0.0022491124,0.002449762,0.0034932806,0.0025220243,0.0060678185
S1319,0.008385164,0.007652689,0.009428456,0.011186659,0.0028238306,0.0038916718,0.0048920386,0.014852243,0.012765966
S1320,0.009567108,0.0045085647,0.0374986,0.0026094522,0.0014177558,0.001917343,0.0018692259,0.0016266087,0.5105718
S1321,0.0026767368,0.057547368,0.015601409,0.0071673216,0.0012207491,0.0019267246,0.0016343687,0.0018530687,0.1405697
S1322,0.008354789,0.99242985,0.008391088,0.0071962588,0.0022684964,0.004040541,0.003412982,0.0027648627,0.004639116
S1323,0.014282365,0.7581717,0.010574861,0.025671164,0.017619897,0.0032164375,0.0035084602,0.0043792664,0.008544602
S1324,0.05674672,0.17947891,0.21316311,0.46493292,0.049189955,0.08075488,0.15559621,0.027379131,0.05423811
S1325,0.008646598,0.9919513,0.010658245,0.0076973764,0.0024283845,0.0063876896,0.003705653,0.0036551547,0.005439934
S1326,0.064431414,0.09182584,0.023827443,0.025029708,0.0041995095,0.010623216,0.0070916293,0.106340826,0.013754165
S1327,0.022671355,0.015163857,0.022335198,0.009813053,0.0019977214,0.0047628414,0.0029477875,0.0013663124,0.859774
S1328,0.025091093,0.034861356,0.067542136,0.20476949,0.01043308,0.009209305,0.014621535,0.053721916,0.014624534
S1329,0.03677109,0.026752044,0.03529175,0.029263979,0.0045343437,0.0051476364,0.0047914647,0.0057714805,0.029436946
S1330,0.014362507,0.050807007,0.028547857,0.011079992,0.003179816,0.004275337,0.004188896,0.0060276575,0.0066397474
S1331,0.015254393,0.0191758,0.0146782175,0.0059181144,0.0060734027,0.0023356052,0.0026738846,0.0028733634,0.01862076
S1332,0.43397707,0.2610496,0.27814716,0.2941475,0.47149062,0.35551852,0.27708608,0.23882341,0.038878303
S1333,0.01739211,0.50028884,0.006637755,0.008445346,0.002820436,0.006828309,0.003354102,0.0067600734,0.008072901
S1334,0.010515405,0.009668119,0.0619619,0.07135555,0.0053706616,0.005368312,0.004439333,0.0025896907,0.02170612
S1335,0.022024605,0.107774675,0.051187873,0.0124792885,0.006246216,0.0032821682,0.0021619578,0.005187661,0.0039990223
S1336,0.33804804,0.09065816,0.12790903,0.07792567,0.00867976,0.013886425,0.019321276,0.031166047,0.018696504
S1337,0.012256378,0.06216674,0.013018949,0.005055184,0.0058490587,0.0033335523,0.004510707,0.004444017,0.007167113
S1338,0.009693385,0.5695585,0.0083042625,0.03061163,0.0034496305,0.0033597865,0.0047759563,0.009990447,0.015182177
S1339,0.0096963765,0.0049695633,0.009471783,0.0063304254,0.002562963,0.0027878159,0.0022115887,0.001752769,0.009796661
S1340,0.2847974,0.01684382,0.8761159,0.72555107,0.0070783654,0.032008927,0.032043595,0.0039367126,0.03884249
S1341,0.110047296,0.014262969,0.21819524,0.01735795,0.0053937887,0.0062213973,0.005615943,0.022008296,0.032241337
S1342,0.29438788,0.021415928,0.60130566,0.5686668,0.005556018,0.026695171,0.026033035,0.0032127164,0.07176803
S1343,0.0033750564,0.0047012516,0.005212847,0.0029787524,0.0012908924,0.002224404,0.0014533296,0.00086470915,0.0038755268
S1344,0.05032111,0.027242655,0.20656237,0.3214983,0.008181811,0.015062804,0.02179204,0.19858538,0.0092850495
S1345,0.023205811,0.013709746,0.92445743,0.058967926,0.006120079,0.019286703,0.01839424,0.0056385314,0.006567792
S1346,0.02228506,0.02959527,0.016903764,0.0043068854,0.0023827609,0.0031871353,0.003609585,0.0014651783,0.3594131
S1347,0.008221339,0.00898353,0.38209292,0.04981928,0.006359428,0.0065452466,0.0066526607,0.0049055954,0.005411487
S1348,0.014397991,0.98080426,0.01914677,0.005639291,0.0023996017,0.009469757,0.0036225487,0.0030369386,0.004386303
S1349,0.027244028,0.034573697,0.79280746,0.014444439,0.0035545197,0.013108479,0.07358627,0.009989964,0.012063495
S1350,0.0096957795,0.01054466,0.83407164,0.7756026,0.0037513077,0.0047271,0.004546345,0.003151746,0.008628112
S1351,0.3868246,0.014596231,0.92541456,0.85836333,0.005638161,0.013276501,0.009476554,0.006237828,0.029808443
S1352,0.008544242,0.011944606,0.0074327616,0.01038869,0.0027066036,0.0045315274,0.0045503713,0.0056535597,0.005419261
S1353,0.005935039,0.952777,0.013060013,0.013425231,0.0031643151,0.0061368975,0.00594958,0.0024574562,0.023749793
S1354,0.0065105474,0.0037441533,0.014019732,0.008065718,0.004876935,0.0032319073,0.0031013277,0.0040683006,0.0056905583
S1355,0.013149178,0.91270846,0.0213289,0.015588133,0.002596623,0.0052865217,0.005120499,0.005035198,0.008355358
S1356,0.0033055567,0.029364392,0.005692833,0.0025605985,0.0016504234,0.0013030011,0.0026000713,0.0018431129,0.007443519
S1357,0.04807375,0.010279094,0.04276122,0.024856662,0.005123071,0.009068604,0.0055397996,0.0030362944,0.0077926954
S1358,0.01270283,0.008677087,0.012700421,0.011292381,0.003265291,0.004924654,0.0045212423,0.00507511,0.00430983
S1359,0.006178916,0.0009882997,0.0090645645,0.0043923194,0.0031613833,0.001579616,0.0013561856,0.002706238,0.020489128
S1360,0.58492255,0.04718624,0.8205994,0.8349911,0.013631055,0.14486405,0.09259921,0.01043876,0.009795052
S1361,0.63839227,0.013779176,0.63469106,0.1986313,0.003112453,0.011651246,0.008729959,0.0063092606,0.34597102
S1362,0.0021350074,0.0068184407,0.004082532,0.0042918916,0.0012903167,0.0015625149,0.0016523534,0.0008898346,0.0026421114
S1363,0.0142917875,0.9369218,0.032727413,0.018110016,0.0031496552,0.006484998,0.005045566,0.0035964698,0.0049930187
S1364,0.0070149675,0.98747796,0.006658175,0.0061624944,0.002035731,0.0054792347,0.0029947048,0.0031216522,0.0056781457
S1365,0.042001523,0.0048534814,0.03291426,0.00418792,0.001570231,0.0018487258,0.0016208205,0.001154822,0.9432955
S1366,0.026288847,0.021182116,0.12506934,0.06726277,0.03809359,0.031904165,0.028953228,0.02275515,0.12253569
S1367,0.081055574,0.0041526076,0.003812708,0.003867447,0.0030891963,0.0019999617,0.0010682814,0.0011135286,0.9316805
S1368,0.79005057,0.07629099,0.8337997,0.825712,0.012259802,0.071874715,0.01973394,0.007939998,0.03252244
S1369,0.71412826,0.01550216,0.41046214,0.066122554,0.011927861,0.01531296,0.016871016,0.008074554,0.8001297
S1370,0.028493125,0.77878654,0.020875748,0.06313273,0.003527083,0.010741604,0.008941797,0.023691487,0.024212245
S1371,0.0070779272,0.0066815987,0.0080946535,0.009585825,0.0046053855,0.007347268,0.003464959,0.0025592153,0.0038468272
S1372,0.013671796,0.17548063,0.0077911457,0.013928761,0.0053863456,0.0051710065,0.006257086,0.0032646197,0.0018474392
S1373,0.013041379,0.98911726,0.021963751,0.013235131,0.0031679054,0.008054017,0.004889352,0.0037240952,0.004870639
S1374,0.0685146,0.29091582,0.02225734,0.027377512,0.009053447,0.10213809,0.01499207,0.0252888,0.022621725
S1375,0.115751185,0.03869223,0.10136509,0.18772432,0.0058710654,0.010451835,0.08556913,0.005009657,0.13182059
S1376,0.0067368187,0.0066744247,0.005715262,0.0047358377,0.005229513,0.0042194845,0.0036390088,0.0040682117,0.010512966
S1377,0.0105849365,0.0049900888,0.009346945,0.005484619,0.0016611477,0.0027568848,0.0035603314,0.0021569543,0.0148611795
S1378,0.053949438,0.057177484,0.91991603,0.96179307,0.051357828,0.03959,0.032100458,0.03306444,0.016963985
S1379,0.007514348,0.04619144,0.020539094,0.0094103,0.002792172,0.0024225102,0.003097545,0.004754184,0.010175182
S1380,0.13986269,0.019033765,0.26605386,0.07917025,0.0031435601,0.015666407,0.015031805,0.0035926593,0.020067317
S1381,0.021169718,0.005704335,0.024198543,0.012301227,0.0024394835,0.0014410181,0.001600597,0.0078019896,0.018063879
S1382,0.008346516,0.97450656,0.0061719744,0.0114264805,0.0025344798,0.0048744907,0.004411104,0.0039805425,0.0028501372
S1383,0.02130568,0.016020186,0.3229852,0.6643973,0.009387372,0.005829225,0.0065378123,0.006276044,0.006322923
S1384,0.0387398,0.010492532,0.03632296,0.010888797,0.0026579548,0.005112248,0.0055788876,0.008331446,0.005256683
S1385,0.0044003334,0.0024065212,0.011758519,0.003695809,0.0021428687,0.003294567,0.0021754408,0.0019304084,0.006667757
S1386,0.007117807,0.4085044,0.059214175,0.023359839,0.008938381,0.00674946,0.005898627,0.0037552237,0.009572675
S1387,0.0056942906,0.0036651348,0.013398305,0.005582165,0.0041091754,0.0041612107,0.0036890693,0.0023597106,0.88073224
S1388,0.012502106,0.00920161,0.008382386,0.0050977645,0.0025974796,0.002436737,0.0023293346,0.0031534296,0.014400771
S1389,0.066577345,0.03831262,0.9370133,0.95167124,0.012138258,0.017337115,0.021059224,0.009516324,0.03887064
S1390,0.013654962,0.017892469,0.032858264,0.017804986,0.02032509,0.008293585,0.0075322166,0.00781573,0.12955698
S1391,0.0061637578,0.005997881,0.008593357,0.006212818,0.0044037974,0.002638754,0.0024380838,0.0031851777,0.005107631
S1392,0.029582605,0.018902188,0.26081246,0.4185974,0.011116964,0.00854774,0.009857908,0.006357383,0.007931571
S1393,0.39522702,0.014442315,0.93182623,0.853994,0.004314126,0.014024667,0.008924216,0.0046835705,0.043067962
S1394,0.13635333,0.07790479,0.5996075,0.009496349,0.0064019808,0.015317246,0.057505183,0.021895345,0.014949843
S1395,0.013776034,0.18460125,0.007504976,0.0065032067,0.0037803247,0.005415301,0.0037791736,0.0029400818,0.11990509
S1396,0.0032019285,0.0035229865,0.0046308697,0.004766944,0.0018361749,0.0023397596,0.0022022433,0.0013814108,0.002175902
S1397,0.046463557,0.01660568,0.9701049,0.44417197,0.009423042,0.2975742,0.30597088,0.011022739,0.013888787
S1398,0.009012521,0.9392934,0.0055929488,0.005999181,0.0018920855,0.004387763,0.0028095744,0.0026690625,0.0051009157
S1399,0.016821008,0.97857296,0.012940693,0.009341905,0.003138043,0.0065606413,0.0055749663,0.003445813,0.046658635
S1400,0.060097344,0.17079018,0.020951878,0.0114342775,0.0047040335,0.011113485,0.0039491463,0.0032458282,0.9257122
S1401,0.4258029,0.0152563155,0.64075965,0.36280042,0.004380367,0.016225431,0.01361303,0.0040221177,0.025456771
S1402,0.05330495,0.011799446,0.97192717,0.97598207,0.0073960633,0.019481774,0.019848675,0.005401878,0.04214083
S1403,0.024947684,0.05360337,0.017061716,0.015131131,0.0038832095,0.0040675336,0.0045428523,0.04970811,0.08461112
S1404,0.018465051,0.024066184,0.02377437,0.015658548,0.015627764,0.012727231,0.008721669,0.0052878736,0.9763514
S1405,0.007002161,0.98919994,0.007651937,0.006341488,0.0021810276,0.0034581511,0.0031521502,0.0023673659,0.003813859
S1406,0.10128939,0.020828094,0.9214543,0.93171346,0.01030382,0.013743798,0.011973416,0.008256287,0.07002814
S1407,0.0644533,0.009315858,0.9745903,0.971859,0.006125984,0.014004886,0.01650893,0.004967238,0.036657587
S1408,0.014761552,0.49252766,0.0069312104,0.034192003,0.017903341,0.003433092,0.0032599568,0.004991648,0.009319144
S1409,0.0050329715,0.007468435,0.006633873,0.0027625307,0.002254005,0.0024075427,0.0035288662,0.0039993776,0.0040324978
S1410,0.04403561,0.005155643,0.02257074,0.019791484,0.004127004,0.0043311133,0.004146982,0.0031347913,0.00693466
S1411,0.471624,0.0046248594,0.022809006,0.016863799,0.004883822,0.0064681508,0.0048053013,0.0060126646,0.031635743
S1412,0.09982296,0.06368327,0.20157185,0.4781475,0.01973811,0.009804032,0.04587508,0.15894827,0.014703421
S1413,0.0041837865,0.9655492,0.00636535,0.008392062,0.0024881877,0.0046762684,0.0043703527,0.0025742406,0.012816111
S1414,0.023669694,0.01994507,0.8806486,0.04901723,0.00853787,0.007048772,0.005030866,0.003191936,0.91195047
S1415,0.012044666,0.016850008,0.04524619,0.027073553,0.014441116,0.007252302,0.006293986,0.0072623813,0.08957958
S1416,0.06220748,0.0030397107,0.03720416,0.007487097,0.006978388,0.004439418,0.0041117007,0.002373449,0.09637513
S1417,0.0070396243,0.9920306,0.008117847,0.006927372,0.0020664267,0.0049282946,0.0031206645,0.0033683726,0.0047322484
S1418,0.0040847603,0.0021421902,0.0122338105,0.0031617053,0.001498251,0.002473129,0.0020740374,0.0021919839,0.018296
S1419,0.002149329,0.0024012313,0.0060892394,0.0036567082,0.0020123017,0.0018428164,0.0014594074,0.0020076097,0.012552927
S1420,0.011428143,0.65641177,0.0058822315,0.0063849324,0.001963053,0.0035008925,0.0037439005,0.0026736702,0.008235247
S1421,0.39708334,0.10917834,0.21338701,0.04139536,0.0042886967,0.07607312,0.022302527,0.008793302,0.26444355
S1422,0.0052384394,0.0038163692,0.005241437,0.004095873,0.0009926707,0.0019567816,0.0022466644,0.0017251257,0.011992166
S1423,0.028743332,0.03207871,0.033277467,0.1509119,0.038514324,0.008060336,0.031230379,0.014902288,0.018087378
S1424,0.035906788,0.19033317,0.009054982,0.0041032843,0.0035231232,0.004490575,0.002483468,0.002819111,0.98532474
S1425,0.50911754,0.00982571,0.018598212,0.0143234385,0.003461706,0.0038409363,0.0037340664,0.007864227,0.021564323
S1426,0.0082338145,0.9926556,0.008312919,0.006471413,0.0022369255,0.0037906324,0.003244796,0.0026506758,0.0049560624
S1427,0.07495561,0.004988079,0.05350719,0.0029289583,0.0017376002,0.0023225816,0.0024394458,0.0013000398,0.26322454
S1428,0.024156775,0.6213961,0.014403867,0.017010234,0.002351653,0.005902539,0.004153981,0.0059766755,0.0044739353
S1429,0.014463996,0.0072248704,0.051801484,0.0028936435,0.0018833246,0.0024145704,0.002165462,0.0013732277,0.92336196
S1430,0.017687501,0.9161955,0.024781015,0.046718333,0.0073027313,0.011903446,0.009588544,0.008233792,0.008942715
S1431,0.01011514,0.014512735,0.014291583,0.0064797616,0.0020920732,0.0022790558,0.002654185,0.0027721617,0.006808065
S1432,0.01200229,0.9888762,0.017414866,0.011031447,0.0028239384,0.007534135,0.0047128717,0.0032893345,0.0050617373
S1433,0.24419162,0.009334412,0.23439007,0.20317233,0.004439432,0.008876887,0.008812258,0.0050323457,0.026582625
S1434,0.010083415,0.9859025,0.007199186,0.009076729,0.00270779,0.0050329277,0.0052760346,0.0028747856,0.0146691995
S1435,0.006078346,0.9653041,0.0156211555,0.014165327,0.0025433903,0.0063700997,0.0051906463,0.0020668788,0.023914639
S1436,0.0033652626,0.0039791483,0.0038746875,0.0024367117,0.001402898,0.001971365,0.0018868946,0.0010035589,0.0034184647
S1437,0.046839695,0.005610359,0.02198408,0.0071826265,0.002537982,0.003233308,0.0036014845,0.009848261,0.008161688
S1438,0.28985628,0.24182022,0.34832358,0.3868223,0.23404583,0.29241174,0.34999335,0.19126424,0.24560063
S1439,0.38307658,0.022356084,0.8987292,0.9127153,0.009294966,0.014566225,0.0118196085,0.0056308974,0.011758657
S1440,0.045638066,0.015817959,0.079572335,0.01684739,0.0056649004,0.005270687,0.0024453453,0.0019839632,0.16622014
S1441,0.00942988,0.9876107,0.009486685,0.004412367,0.0019242447,0.0063071563,0.0027116798,0.0024543782,0.005486127
S1442,0.009027874,0.96567047,0.011211136,0.014859317,0.0030630543,0.0064978623,0.005120268,0.0024206592,0.034785926
S1443,0.010447273,0.98867,0.010741942,0.013041745,0.0035982854,0.006058817,0.0044542085,0.0037842125,0.0069478825
S1444,0.06175933,0.027406553,0.9473351,0.95541227,0.009877567,0.013234986,0.014847944,0.0076690824,0.04896501
S1445,0.5814486,0.64336574,0.045886286,0.055915166,0.02897256,0.57778287,0.06269164,0.03622509,0.22394915
S1446,0.006822782,0.9909679,0.0077291653,0.006207149,0.0020507483,0.0031250683,0.0030825096,0.002357282,0.0041915486
S1447,0.0055610514,0.98628473,0.00521055,0.0056364136,0.0018621336,0.0037037104,0.002499052,0.002127086,0.0029853934
S1448,0.030048197,0.120749734,0.024372036,0.015322238,0.005731947,0.005163813,0.005965488,0.03846143,0.06721941
S1449,0.012981204,0.98858976,0.008665315,0.009028051,0.0030291947,0.0059527187,0.004028038,0.0036217836,0.008220453
S1450,0.016169215,0.008729686,0.081240185,0.007901987,0.004602593,0.0074515925,0.008722059,0.0024882313,0.93801767
S1451,0.036320806,0.020644631,0.015732864,0.013131574,0.11248491,0.032764975,0.015940938,0.006898028,0.59718686
S1452,0.027642285,0.0043808566,0.025770534,0.0065441676,0.0030769478,0.0054514827,0.004988156,0.0033848702,0.01426468
S1453,0.4050735,0.2715277,0.2570574,0.03731332,0.00860415,0.2560083,0.016267296,0.015390468,0.3005652
S1454,0.013756014,0.010980685,0.13993858,0.62342197,0.0094132805,0.00629036,0.0040811766,0.02130443,0.01249333
S1455,0.007883795,0.98590124,0.0073799742,0.005875107,0.0018247494,0.006651336,0.003241993,0.0026446697,0.004451801
S1456,0.01000548,0.01951884,0.019026373,0.011207121,0.0061722156,0.0057685003,0.0038434982,0.002799448,0.0051204143
S1457,0.010544964,0.020112116,0.010080099,0.008525442,0.0044316305,0.0045648897,0.003340892,0.00329427,0.005264775
S1458,0.009010069,0.008265589,0.016366621,0.0050110817,0.0014475959,0.0018464818,0.0019622415,0.0013602722,0.03932801
S1459,0.02116294,0.008628643,0.08658185,0.009138636,0.0029205284,0.0033085526,0.0021621934,0.0030603318,0.69236994
S1460,0.02061977,0.008657281,0.080987975,0.812394,0.0077303164,0.009079607,0.0071900366,0.01797578,0.008894374
S1461,0.008277294,0.99091816,0.012432444,0.0077375993,0.0028044623,0.004367702,0.0046022055,0.00373847,0.008613947
S1462,0.0060162465,0.9937457,0.009542899,0.008534799,0.002251225,0.003439476,0.0030564775,0.0021187675,0.0038856547
S1463,0.009628692,0.97966737,0.007639951,0.004800665,0.001842764,0.005825729,0.0031294145,0.0026157035,0.0066108517
S1464,0.005345157,0.0055943965,0.009145321,0.006366519,0.0027769294,0.002530728,0.0021989248,0.0042843204,0.005005109
S1465,0.38514027,0.012601112,0.8944561,0.79541016,0.0050121015,0.011753787,0.008723337,0.005674561,0.03654089
S1466,0.90800446,0.016156808,0.015702583,0.0078026773,0.0050871903,0.007559852,0.0051269564,0.0045715855,0.5001235
S1467,0.02377377,0.0029276637,0.032489702,0.0046911067,0.0015612467,0.0019588084,0.0010985932,0.0011628573,0.07312665
S1468,0.024845948,0.029351313,0.29576513,0.38059586,0.019789705,0.019299963,0.016773421,0.014522451,0.24489751
S1469,0.0069686035,0.9794959,0.005980304,0.0064875954,0.0023042888,0.0034918443,0.004334507,0.0022317942,0.011949334
S1470,0.0057702856,0.005859099,0.013413516,0.009588093,0.0034803958,0.008504676,0.0055349343,0.0022967262,0.01795344
S1471,0.009524448,0.94697535,0.007332976,0.008660078,0.0022635707,0.0037364918,0.0038154204,0.0038722858,0.0031182365
S1472,0.5920669,0.741825,0.07212889,0.13973406,0.07398317,0.6066338,0.099950075,0.071651325,0.39766017
S1473,0.0091610495,0.98837626,0.008621923,0.005438379,0.0021851575,0.0061635114,0.0026759668,0.003410107,0.007627014
S1474,0.8266455,0.042848058,0.681289,0.5818865,0.008244075,0.04996309,0.029911917,0.0074603274,0.22808444
S1475,0.009157052,0.99021626,0.009612372,0.0047924197,0.0021576695,0.0070445864,0.0029650654,0.0037760239,0.008427192
S1476,0.19416839,0.016763654,0.6574625,0.6358618,0.005183298,0.021792825,0.010840527,0.0052226954,0.04298965
S1477,0.010073502,0.9727367,0.00895978,0.011019183,0.0032841284,0.0061199954,0.006057685,0.0030450427,0.030257845
S1478,0.02346697,0.009331323,0.11482582,0.009904301,0.010070075,0.0068017617,0.0063770176,0.007975331,0.20144343
S1479,0.28106758,0.009731061,0.012859749,0.015308571,0.0041065044,0.0028924416,0.0029740264,0.00537835,0.038248368
S1480,0.005900325,0.0023166707,0.016669694,0.013501987,0.0027101513,0.0018234005,0.0013123672,0.001997942,0.016179306
S1481,0.013658235,0.9848148,0.024807995,0.011431577,0.0033417232,0.008068422,0.004784033,0.004257968,0.0048220633
S1482,0.033792496,0.016833674,0.941934,0.03377437,0.0038466994,0.0074989414,0.011543159,0.016536651,0.013383294
S1483,0.0058323424,0.9605215,0.0034163962,0.0041949656,0.0020057543,0.0053903484,0.0031555803,0.0031677939,0.004344483
S1484,0.017946102,0.028903091,0.016523317,0.015791941,0.010800275,0.008124293,0.0074669323,0.0064371577,0.0031827874
S1485,0.58902365,0.03378892,0.86451435,0.90432423,0.011977756,0.044780932,0.028721932,0.007071598,0.02348514
S1486,0.35611802,0.018761853,0.7580856,0.7526058,0.0062506525,0.01254081,0.0076005966,0.007644078,0.021771165
S1487,0.5947537,0.012109328,0.018704196,0.036573283,0.0037898882,0.007813859,0.008336143,0.0053740693,0.017023688
S1488,0.016611204,0.18964341,0.052712828,0.06162274,0.0026450495,0.0061649526,0.009294448,0.009326958,0.0068716286
S1489,0.0033805333,0.0045184502,0.0041074296,0.0035083755,0.0016135396,0.0021548774,0.0013898535,0.001013445,0.0035880518
S1490,0.11277975,0.07649733,0.28371465,0.5049829,0.039481588,0.016524103,0.041858546,0.026478788,0.009921448
S1491,0.0064126044,0.004381004,0.010944278,0.0015351011,0.001083598,0.001229386,0.0011593787,0.00078775024,0.5728146
S1492,0.031248266,0.0029413453,0.016430948,0.0028470303,0.0009813919,0.0011189224,0.0010454919,0.00096034835,0.24833722
S1493,0.009178029,0.00767854,0.029166486,0.010598915,0.0025576141,0.0028464615,0.0028735185,0.0034528505,0.01025962
S1494,0.03242036,0.10088507,0.15872006,0.02078927,0.0048229145,0.007708779,0.007062286,0.006883069,0.024398863
S1495,0.01880775,0.36057487,0.024286507,0.04089029,0.02888612,0.026355868,0.02264855,0.021996504,0.051023643
S1496,0.0066662347,0.9717928,0.007057634,0.00955915,0.002121579,0.0039283177,0.003501067,0.0020412006,0.021958362
S1497,0.05840245,0.094851054,0.1559502,0.12704736,0.08590337,0.109017335,0.1075906,0.041805856,0.28216723
S1498,0.032127306,0.011162976,0.038993068,0.026814725,0.016317453,0.01888886,0.018621009,0.007943941,0.81862295
S1499,0.008626714,0.98735267,0.009343004,0.008646027,0.002521135,0.004278655,0.0035363738,0.00273241,0.012137393
S1500,0.0037368021,0.0046008322,0.0062017334,0.0049114996,0.0040901504,0.0025865247,0.0027936983,0.0036956698,0.010989816
S1501,0.0022853056,0.05295564,0.012521738,0.0044900766,0.0013694052,0.0021487284,0.002287664,0.0011021371,0.0063534034
S1502,0.023105774,0.04079461,0.028988004,0.03848576,0.41025487,0.31621838,0.015280692,0.009539802,0.82576406
S1503,0.0074444925,0.013071714,0.85525733,0.26097873,0.0039940337,0.008489585,0.020388229,0.016543988,0.016936623
S1504,0.0022535343,0.0020945368,0.0034715286,0.002939129,0.0012304243,0.001292414,0.0012882233,0.00088352355,0.0040202257
S1505,0.0061105574,0.992729,0.010860531,0.009510448,0.002380075,0.003404614,0.0032154105,0.0021641026,0.0039291186
S1506,0.0067062564,0.01660039,0.024501456,0.006960129,0.0024117206,0.003327775,0.0035307952,0.0026011162,0.008373338
S1507,0.0048577553,0.002103852,0.012894601,0.0099324705,0.0023752651,0.0017309937,0.0012058673,0.0022526646,0.0079626925
S1508,0.010125043,0.011984485,0.015330786,0.009171952,0.0061187334,0.007740706,0.0056335214,0.0031781022,0.008604722
S1509,0.006630699,0.9889765,0.011363943,0.0059761265,0.002190365,0.0045176563,0.002823571,0.0033584132,0.014750384
S1510,0.07015841,0.65197647,0.030984556,0.06640719,0.005777036,0.02097792,0.016313564,0.01413582,0.05823676
S1511,0.114826724,0.60454845,0.0052324133,0.0040448667,0.0023151678,0.0031488757,0.0023893418,0.002013526,0.011121243
S1512,0.018248137,0.008783845,0.0067236484,0.01005712,0.009235285,0.0036928444,0.0035055778,0.002630354,0.007415241
S1513,0.21978554,0.8851072,0.010194134,0.012538882,0.004730335,0.008109502,0.0057180882,0.0027295924,0.009203263
S1514,0.03375131,0.5977413,0.013665685,0.036556557,0.00628888,0.009381579,0.010296458,0.00852726,0.024373222
S1515,0.004581975,0.0044984887,0.0040682596,0.0041010333,0.0017949666,0.0026846577,0.0018443072,0.0011871177,0.0040171044
S1516,0.0038290105,0.0071727904,0.0052957893,0.0042112204,0.004288102,0.0022941811,0.0023693473,0.0024234173,0.00925583
S1517,0.0034671172,0.0042415685,0.005205152,0.0034181983,0.0017979725,0.0019149103,0.0016175503,0.0012185387,0.0045018536
S1518,0.24693434,0.028936177,0.20527765,0.15098812,0.02237559,0.0990981,0.0705781,0.018189233,0.018502098
S1519,0.05337437,0.020973496,0.05883957,0.022199018,0.005653589,0.0057562506,0.0050577363,0.0053275204,0.3089096
S1520,0.0069731986,0.0069643157,0.006028372,0.0062174336,0.031352036,0.001896424,0.0018559849,0.0027280017,0.086822286
S1521,0.7042524,0.18109007,0.7074716,0.23265067,0.0069227754,0.064900905,0.0076100156,0.0059945607,0.08434776
S1522,0.038924195,0.87758666,0.020504612,0.06952262,0.004496527,0.013795935,0.010017553,0.025054181,0.023422753
S1523,0.70747685,0.06545621,0.54000413,0.46226954,0.010447859,0.047278434,0.09097387,0.01119495,0.3655091
S1524,0.0106557915,0.95463455,0.009652359,0.0061190696,0.0018131941,0.0034987677,0.0026736094,0.0032726512,0.008325124
S1525,0.009238768,0.5241787,0.00455454,0.004485689,0.0018558586,0.0040501608,0.002685953,0.004236111,0.0075523006
S1526,0.010632333,0.008655424,0.06722771,0.46179062,0.00837984,0.014081547,0.015594095,0.024111876,0.01191723
S1527,0.0060708597,0.0019899036,0.017604899,0.004325376,0.0017617099,0.0023745545,0.0015342173,0.0016990441,0.090696655
S1528,0.018283103,0.5773802,0.012794428,0.06913129,0.0068756924,0.0064123357,0.012265591,0.10516433,0.008869519
S1529,0.010271657,0.9920832,0.009643868,0.0049252682,0.0022296698,0.006796884,0.0029013825,0.0033870046,0.0056966515
S1530,0.0110628,0.006976381,0.022938149,0.009714004,0.0034236927,0.0116100125,0.009820112,0.0026899346,0.03257813
S1531,0.026223278,0.03337217,0.06210891,0.12249388,0.006822829,0.06098475,0.09637381,0.006005832,0.13758431
S1532,0.017567223,0.03711812,0.047758542,0.008884271,0.0034170267,0.004972427,0.004418523,0.0104842,0.009330813
S1533,0.01573668,0.0045699077,0.060886294,0.013018799,0.0031262108,0.004834867,0.0033482716,0.0023326944,0.060741562
S1534,0.014165792,0.025297647,0.48658553,0.020285504,0.0035912618,0.004003644,0.0026679072,0.0028824657,0.3965032
S1535,0.014603605,0.006599841,0.05431969,0.039332256,0.0050512827,0.008892655,0.017879246,0.01236538,0.0013831859
S1536,0.04665243,0.010132497,0.016414786,0.01579254,0.0076512517,0.0040886253,0.0063393787,0.005112809,0.013572758
S1537,0.014830055,0.97760046,0.032524507,0.0071839085,0.002771263,0.008297294,0.0040344493,0.0029443686,0.006155157
S1538,0.08700521,0.011753412,0.8019079,0.82839423,0.007144953,0.009843072,0.01061131,0.004871662,0.01323915
S1539,0.08659856,0.80700886,0.014331798,0.018805925,0.006405674,0.005993252,0.004971249,0.0050461083,0.0072256923
S1540,0.0075754235,0.96193266,0.015640954,0.01242183,0.0031417627,0.006302892,0.005345505,0.0025229505,0.049323376
S1541,0.16144648,0.19322498,0.37271133,0.3025054,0.08217187,0.46939453,0.1976304,0.1080536,0.017261373
S1542,0.62081295,0.5908965,0.287947,0.2609269,0.22879124,0.6168435,0.22052248,0.21751432,0.24106944
S1543,0.0062130755,0.004974478,0.0109393,0.006688019,0.0036318372,0.0022902985,0.0018919058,0.0024040616,0.005139471
S1544,0.0056991056,0.00651577,0.0074991225,0.006112963,0.0020163225,0.0033473086,0.0024187402,0.0015321632,0.0036976926
S1545,0.4409763,0.0077749016,0.01894628,0.018947016,0.0040427446,0.003799614,0.0038019593,0.0059126094,0.030662065
S1546,0.008968942,0.97029525,0.006481516,0.0058168536,0.0018001737,0.0075961277,0.0034507203,0.0023047556,0.0036026097
S1547,0.008251143,0.98756075,0.0058489423,0.009780765,0.0026013476,0.0046414593,0.004956028,0.0036609513,0.005382574
S1548,0.0602916,0.081388414,0.39576176,0.052547395,0.010229565,0.009059807,0.045620125,0.020617146,0.01226536
S1549,0.1846456,0.027164105,0.46138978,0.47269621,0.0058350996,0.027526837,0.011801825,0.004135883,0.037943393
S1550,0.012126662,0.048792325,0.016382234,0.007744889,0.0022529403,0.0027016138,0.0027676872,0.003722076,0.0058467216
S1551,0.049381636,0.9761144,0.046182897,0.04794454,0.00806764,0.01790849,0.011165173,0.007889777,0.031197999
S1552,0.028575767,0.98890865,0.008506695,0.008618968,0.0035993687,0.007746187,0.0044850335,0.005159435,0.021200638
S1553,0.13820416,0.018270746,0.23229489,0.027665924,0.007301999,0.014357303,0.008200056,0.028245032,0.02764666
S1554,0.9346143,0.020015167,0.95605975,0.94036484,0.010147872,0.029385049,0.021219956,0.009119905,0.5454735
S1555,0.035215415,0.019792588,0.24890761,0.086295165,0.010884831,0.024767162,0.0631773,0.029405747,0.01627051
S1556,0.022129364,0.9408579,0.010763485,0.036907636,0.005240719,0.010888912,0.005971954,0.007388083,0.008973578
S1557,0.030452231,0.0031198482,0.08577645,0.0023077806,0.0016536132,0.0023626138,0.0027902133,0.001249719,0.3966729
S1558,0.22216122,0.09238158,0.081366636,0.053147197,0.009342415,0.016549539,0.024056558,0.0233507,0.026645103
S1559,0.22379589,0.0063895257,0.17329834,0.006273004,0.002659424,0.0032622088,0.0034094858,0.0021504625,0.4829944
S1560,0.00571866,0.0064582997,0.004743264,0.006305281,0.002665449,0.0026197825,0.0019248739,0.0024393627,0.0037282426
S1561,0.0026641733,0.0047890944,0.004932575,0.0052491114,0.0018786757,0.0017539056,0.0019637921,0.0013189712,0.003032683
S1562,0.09081052,0.12697157,0.0443448,0.06991893,0.036061473,0.047742605,0.031848583,0.016598556,0.030522143
S1563,0.010268768,0.9809364,0.0114311185,0.0071127834,0.0025529298,0.0065622097,0.0035594306,0.0037249755,0.006097568
S1564,0.012548161,0.0041187364,0.010548782,0.003967685,0.001957851,0.0024603144,0.0037149999,0.0018115032,0.005560533
S1565,0.011518774,0.0061957412,0.23711118,0.015437315,0.0009709782,0.002565261,0.00297994,0.0018708665,0.02719354
S1566,0.020445373,0.87308085,0.013219464,0.010423938,0.001896857,0.005343652,0.0036534253,0.0025807791,0.19829758
S1567,0.002700311,0.003542459,0.007424392,0.006297282,0.0018650915,0.0014414414,0.00064120773,0.0007651276,0.008150532
S1568,0.30133098,0.018164067,0.6577364,0.30583328,0.021395605,0.036211856,0.3888521,0.088884965,0.014739046
S1569,0.0125070615,0.9121863,0.0091197435,0.007200389,0.0023159792,0.004348578,0.0029961187,0.00394698,0.010059852
S1570,0.006058964,0.9893707,0.008933103,0.007283104,0.0023204223,0.0028426533,0.0030279413,0.0027691773,0.009242837
S1571,0.007309161,0.018816803,0.006295985,0.003486549,0.0024281018,0.0023527145,0.0013536614,0.001899554,0.98126256
S1572,0.015659159,0.6622242,0.009278463,0.01050249,0.0030995375,0.0074151233,0.004222273,0.008102084,0.0035018078
S1573,0.037639815,0.072816625,0.32351437,0.023774615,0.013312973,0.036666658,0.39703867,0.03983456,0.020871783
S1574,0.0064199604,0.963826,0.010541582,0.014453108,0.0037722122,0.006106286,0.0065338714,0.0032737511,0.030750388
S1575,0.03865848,0.032141738,0.8235048,0.039011672,0.008211257,0.047000982,0.014489231,0.005174037,0.3459287
S1576,0.019792557,0.011599673,0.013151931,0.0074794195,0.0029919748,0.0032907631,0.0033240416,0.0057596187,0.02370953
S1577,0.029706564,0.2038461,0.04840354,0.020087969,0.002484427,0.0060831704,0.0052666496,0.0042247856,0.017122969
S1578,0.048859414,0.0049267784,0.07718721,0.0035445194,0.0013461198,0.002231145,0.0013631884,0.0013229251,0.26212645
S1579,0.6070062,0.0437263,0.8850689,0.8199649,0.0094302315,0.019905161,0.009423913,0.00711652,0.060577758
S1580,0.003208582,0.8795227,0.009411581,0.021157539,0.004234504,0.003307524,0.002755052,0.00446885,0.007030201
S1581,0.01670591,0.9825112,0.0059722187,0.0057967254,0.0019890282,0.004481895,0.002878429,0.002559001,0.02647594
S1582,0.07652421,0.032002766,0.94584054,0.9408611,0.010313241,0.015941901,0.015632559,0.009683539,0.041733436
S1583,0.9196933,0.023136644,0.023344694,0.015508821,0.0044349344,0.008914253,0.005238886,0.004114324,0.95017564
